[{
  "_id": {
    "$oid": "660e471ce8fc9e8cfb1c33f9"
  },
  "Ban": 0,
  "STT": 1,
  "ngayMuon": "4/20/2024",
  "ngayTra": "4/27/2024",
  "phi": 2000,
  "idDocGia": 8
},
{
  "_id": {
    "$oid": "660e471ce8fc9e8cfb1c33fb"
  },
  "Ban": 1,
  "STT": 1,
  "ngayMuon": "4/12/2024",
  "ngayTra": "4/19/2024",
  "phi": 2000,
  "idDocGia": 5
},
{
  "_id": {
    "$oid": "660e471ce8fc9e8cfb1c33fd"
  },
  "Ban": 2,
  "STT": 0,
  "ngayMuon": null,
  "ngayTra": null,
  "phi": 2000,
  "idDocGia": null
},
{
  "_id": {
    "$oid": "660e471ce8fc9e8cfb1c33ff"
  },
  "Ban": 3,
  "STT": 0,
  "ngayMuon": null,
  "ngayTra": null,
  "phi": 2000,
  "idDocGia": null
},
{
  "_id": {
    "$oid": "660e471ce8fc9e8cfb1c3401"
  },
  "Ban": 4,
  "STT": 0,
  "ngayMuon": null,
  "ngayTra": null,
  "phi": 2000,
  "idDocGia": null
},
{
  "_id": {
    "$oid": "660e471ce8fc9e8cfb1c3403"
  },
  "Ban": 5,
  "STT": 0,
  "ngayMuon": null,
  "ngayTra": null,
  "phi": 2000,
  "idDocGia": null
},
{
  "_id": {
    "$oid": "660e471ce8fc9e8cfb1c3405"
  },
  "Ban": 6,
  "STT": 0,
  "ngayMuon": null,
  "ngayTra": null,
  "phi": 2000,
  "idDocGia": null
},
{
  "_id": {
    "$oid": "660e471ce8fc9e8cfb1c3407"
  },
  "Ban": 7,
  "STT": 2,
  "ngayMuon": "4/4/2024",
  "ngayTra": "5/12/2024",
  "phi": 5000,
  "idDocGia": -1
},
{
  "_id": {
    "$oid": "660e471ce8fc9e8cfb1c3409"
  },
  "Ban": 8,
  "STT": 1,
  "ngayMuon": "4/4/2024",
  "ngayTra": "4/11/2024",
  "phi": 2000,
  "idDocGia": 2
},
{
  "_id": {
    "$oid": "660e471ce8fc9e8cfb1c340b"
  },
  "Ban": 9,
  "STT": 0,
  "ngayMuon": null,
  "ngayTra": null,
  "phi": 2000,
  "idDocGia": null
},
{
  "_id": {
    "$oid": "660e471ce8fc9e8cfb1c340d"
  },
  "Ban": 10,
  "STT": 0,
  "ngayMuon": null,
  "ngayTra": null,
  "phi": 2000,
  "idDocGia": null
},
{
  "_id": {
    "$oid": "660e471ce8fc9e8cfb1c340f"
  },
  "Ban": 11,
  "STT": 0,
  "ngayMuon": null,
  "ngayTra": null,
  "phi": 2000,
  "idDocGia": null
},
{
  "_id": {
    "$oid": "660e471ce8fc9e8cfb1c3411"
  },
  "Ban": 12,
  "STT": 1,
  "ngayMuon": "4/12/2024",
  "ngayTra": "4/19/2024",
  "phi": 2000,
  "idDocGia": 4
},
{
  "_id": {
    "$oid": "660e471ce8fc9e8cfb1c3413"
  },
  "Ban": 13,
  "STT": 0,
  "ngayMuon": null,
  "ngayTra": null,
  "phi": 2000,
  "idDocGia": null
},
{
  "_id": {
    "$oid": "660e471ce8fc9e8cfb1c3415"
  },
  "Ban": 14,
  "STT": 1,
  "ngayMuon": "4/12/2024",
  "ngayTra": "4/19/2024",
  "phi": 2000,
  "idDocGia": 2
},
{
  "_id": {
    "$oid": "660e4726e8fc9e8cfb1c3417"
  },
  "Ban": 15,
  "STT": 2,
  "ngayMuon": "4/4/2024",
  "ngayTra": "5/12/2024",
  "phi": 5000,
  "idDocGia": -1
},
{
  "_id": {
    "$oid": "660e4726e8fc9e8cfb1c3419"
  },
  "Ban": 16,
  "STT": 0,
  "ngayMuon": null,
  "ngayTra": null,
  "phi": 2000,
  "idDocGia": null
},
{
  "_id": {
    "$oid": "660e4726e8fc9e8cfb1c341b"
  },
  "Ban": 17,
  "STT": 0,
  "ngayMuon": null,
  "ngayTra": null,
  "phi": 2000,
  "idDocGia": null
},
{
  "_id": {
    "$oid": "660e4726e8fc9e8cfb1c341d"
  },
  "Ban": 18,
  "STT": 1,
  "ngayMuon": "4/9/2024",
  "ngayTra": "4/16/2024",
  "phi": 2000,
  "idDocGia": 8
},
{
  "_id": {
    "$oid": "660e4726e8fc9e8cfb1c341f"
  },
  "Ban": 19,
  "STT": 1,
  "ngayMuon": "4/9/2024",
  "ngayTra": "4/16/2024",
  "phi": 2000,
  "idDocGia": 9
},
{
  "_id": {
    "$oid": "660e4726e8fc9e8cfb1c3421"
  },
  "Ban": 20,
  "STT": 0,
  "ngayMuon": null,
  "ngayTra": null,
  "phi": 2000,
  "idDocGia": null
},
{
  "_id": {
    "$oid": "660e4726e8fc9e8cfb1c3423"
  },
  "Ban": 21,
  "STT": 0,
  "ngayMuon": null,
  "ngayTra": null,
  "phi": 2000,
  "idDocGia": null
},
{
  "_id": {
    "$oid": "660e4726e8fc9e8cfb1c3425"
  },
  "Ban": 22,
  "STT": 0,
  "ngayMuon": null,
  "ngayTra": null,
  "phi": 2000,
  "idDocGia": null
},
{
  "_id": {
    "$oid": "660e4726e8fc9e8cfb1c3427"
  },
  "Ban": 23,
  "STT": 0,
  "ngayMuon": null,
  "ngayTra": null,
  "phi": 2000,
  "idDocGia": null
},
{
  "_id": {
    "$oid": "660e4726e8fc9e8cfb1c3429"
  },
  "Ban": 24,
  "STT": 0,
  "ngayMuon": null,
  "ngayTra": null,
  "phi": 2000,
  "idDocGia": null
},
{
  "_id": {
    "$oid": "660e4726e8fc9e8cfb1c342b"
  },
  "Ban": 25,
  "STT": 0,
  "ngayMuon": null,
  "ngayTra": null,
  "phi": 2000,
  "idDocGia": null
},
{
  "_id": {
    "$oid": "660e4726e8fc9e8cfb1c342d"
  },
  "Ban": 26,
  "STT": 0,
  "ngayMuon": null,
  "ngayTra": null,
  "phi": 2000,
  "idDocGia": null
},
{
  "_id": {
    "$oid": "660e4726e8fc9e8cfb1c342f"
  },
  "Ban": 27,
  "STT": 0,
  "ngayMuon": null,
  "ngayTra": null,
  "phi": 2000,
  "idDocGia": null
},
{
  "_id": {
    "$oid": "660e4726e8fc9e8cfb1c3431"
  },
  "Ban": 28,
  "STT": 0,
  "ngayMuon": null,
  "ngayTra": null,
  "phi": 2000,
  "idDocGia": null
},
{
  "_id": {
    "$oid": "660e4726e8fc9e8cfb1c3433"
  },
  "Ban": 29,
  "STT": 0,
  "ngayMuon": null,
  "ngayTra": null,
  "phi": 2000,
  "idDocGia": null
},
{
  "_id": {
    "$oid": "660e4726e8fc9e8cfb1c3435"
  },
  "Ban": 30,
  "STT": 1,
  "ngayMuon": "4/12/2024",
  "ngayTra": "4/19/2024",
  "phi": 2000,
  "idDocGia": 3
},
{
  "_id": {
    "$oid": "660e4726e8fc9e8cfb1c3437"
  },
  "Ban": 31,
  "STT": 1,
  "ngayMuon": "4/12/2024",
  "ngayTra": "4/19/2024",
  "phi": 2000,
  "idDocGia": 3
},
{
  "_id": {
    "$oid": "660e4726e8fc9e8cfb1c3439"
  },
  "Ban": 32,
  "STT": 1,
  "ngayMuon": "4/12/2024",
  "ngayTra": "4/19/2024",
  "phi": 2000,
  "idDocGia": 3
},
{
  "_id": {
    "$oid": "660e4726e8fc9e8cfb1c343b"
  },
  "Ban": 33,
  "STT": 1,
  "ngayMuon": "4/12/2024",
  "ngayTra": "4/19/2024",
  "phi": 2000,
  "idDocGia": 2
},
{
  "_id": {
    "$oid": "660e4726e8fc9e8cfb1c343d"
  },
  "Ban": 34,
  "STT": 1,
  "ngayMuon": "4/12/2024",
  "ngayTra": "4/19/2024",
  "phi": 2000,
  "idDocGia": 2
},
{
  "_id": {
    "$oid": "660e472ce8fc9e8cfb1c343f"
  },
  "Ban": 35,
  "STT": 1,
  "ngayMuon": "4/20/2024",
  "ngayTra": "4/27/2024",
  "phi": 2000,
  "idDocGia": 8
},
{
  "_id": {
    "$oid": "660e472ce8fc9e8cfb1c3441"
  },
  "Ban": 36,
  "STT": 0,
  "ngayMuon": null,
  "ngayTra": null,
  "phi": 2000,
  "idDocGia": null
},
{
  "_id": {
    "$oid": "660e472ce8fc9e8cfb1c3443"
  },
  "Ban": 37,
  "STT": 0,
  "ngayMuon": null,
  "ngayTra": null,
  "phi": 2000,
  "idDocGia": null
},
{
  "_id": {
    "$oid": "660e472ce8fc9e8cfb1c3445"
  },
  "Ban": 38,
  "STT": 0,
  "ngayMuon": null,
  "ngayTra": null,
  "phi": 2000,
  "idDocGia": null
},
{
  "_id": {
    "$oid": "660e472ce8fc9e8cfb1c3447"
  },
  "Ban": 39,
  "STT": 0,
  "ngayMuon": null,
  "ngayTra": null,
  "phi": 2000,
  "idDocGia": null
},
{
  "_id": {
    "$oid": "660e472ce8fc9e8cfb1c3449"
  },
  "Ban": 40,
  "STT": 0,
  "ngayMuon": null,
  "ngayTra": null,
  "phi": 2000,
  "idDocGia": null
},
{
  "_id": {
    "$oid": "660e472ce8fc9e8cfb1c344b"
  },
  "Ban": 41,
  "STT": 0,
  "ngayMuon": null,
  "ngayTra": null,
  "phi": 2000,
  "idDocGia": null
},
{
  "_id": {
    "$oid": "660e472ce8fc9e8cfb1c344d"
  },
  "Ban": 42,
  "STT": 0,
  "ngayMuon": null,
  "ngayTra": null,
  "phi": 2000,
  "idDocGia": null
},
{
  "_id": {
    "$oid": "660e472ce8fc9e8cfb1c344f"
  },
  "Ban": 43,
  "STT": 0,
  "ngayMuon": null,
  "ngayTra": null,
  "phi": 2000,
  "idDocGia": null
},
{
  "_id": {
    "$oid": "660e472ce8fc9e8cfb1c3451"
  },
  "Ban": 44,
  "STT": 0,
  "ngayMuon": null,
  "ngayTra": null,
  "phi": 2000,
  "idDocGia": null
},
{
  "_id": {
    "$oid": "660e472ce8fc9e8cfb1c3453"
  },
  "Ban": 45,
  "STT": 0,
  "ngayMuon": null,
  "ngayTra": null,
  "phi": 2000,
  "idDocGia": null
},
{
  "_id": {
    "$oid": "660e472ce8fc9e8cfb1c3455"
  },
  "Ban": 46,
  "STT": 0,
  "ngayMuon": null,
  "ngayTra": null,
  "phi": 2000,
  "idDocGia": null
},
{
  "_id": {
    "$oid": "660e472ce8fc9e8cfb1c3457"
  },
  "Ban": 47,
  "STT": 0,
  "ngayMuon": null,
  "ngayTra": null,
  "phi": 2000,
  "idDocGia": null
},
{
  "_id": {
    "$oid": "660e472ce8fc9e8cfb1c3459"
  },
  "Ban": 48,
  "STT": 0,
  "ngayMuon": null,
  "ngayTra": null,
  "phi": 2000,
  "idDocGia": null
},
{
  "_id": {
    "$oid": "660e472ce8fc9e8cfb1c345b"
  },
  "Ban": 49,
  "STT": 0,
  "ngayMuon": null,
  "ngayTra": null,
  "phi": 2000,
  "idDocGia": null
},
{
  "_id": {
    "$oid": "660e472ce8fc9e8cfb1c345d"
  },
  "Ban": 50,
  "STT": 0,
  "ngayMuon": null,
  "ngayTra": null,
  "phi": 2000,
  "idDocGia": null
},
{
  "_id": {
    "$oid": "660e472ce8fc9e8cfb1c345f"
  },
  "Ban": 51,
  "STT": 0,
  "ngayMuon": null,
  "ngayTra": null,
  "phi": 2000,
  "idDocGia": null
},
{
  "_id": {
    "$oid": "660e472ce8fc9e8cfb1c3461"
  },
  "Ban": 52,
  "STT": 0,
  "ngayMuon": null,
  "ngayTra": null,
  "phi": 2000,
  "idDocGia": null
},
{
  "_id": {
    "$oid": "660e472ce8fc9e8cfb1c3463"
  },
  "Ban": 53,
  "STT": 0,
  "ngayMuon": null,
  "ngayTra": null,
  "phi": 2000,
  "idDocGia": null
},
{
  "_id": {
    "$oid": "660e472ce8fc9e8cfb1c3465"
  },
  "Ban": 54,
  "STT": 0,
  "ngayMuon": null,
  "ngayTra": null,
  "phi": 2000,
  "idDocGia": null
},
{
  "_id": {
    "$oid": "660e472ce8fc9e8cfb1c3467"
  },
  "Ban": 55,
  "STT": 0,
  "ngayMuon": null,
  "ngayTra": null,
  "phi": 2000,
  "idDocGia": null
},
{
  "_id": {
    "$oid": "660e472ce8fc9e8cfb1c3469"
  },
  "Ban": 56,
  "STT": 0,
  "ngayMuon": null,
  "ngayTra": null,
  "phi": 2000,
  "idDocGia": null
},
{
  "_id": {
    "$oid": "660e472de8fc9e8cfb1c346b"
  },
  "Ban": 57,
  "STT": 0,
  "ngayMuon": null,
  "ngayTra": null,
  "phi": 2000,
  "idDocGia": null
},
{
  "_id": {
    "$oid": "660e472de8fc9e8cfb1c346d"
  },
  "Ban": 58,
  "STT": 0,
  "ngayMuon": null,
  "ngayTra": null,
  "phi": 2000,
  "idDocGia": null
},
{
  "_id": {
    "$oid": "660e472de8fc9e8cfb1c346f"
  },
  "Ban": 59,
  "STT": 0,
  "ngayMuon": null,
  "ngayTra": null,
  "phi": 2000,
  "idDocGia": null
},
{
  "_id": {
    "$oid": "660e4732e8fc9e8cfb1c3471"
  },
  "Ban": 60,
  "STT": 0,
  "ngayMuon": null,
  "ngayTra": null,
  "phi": 2000,
  "idDocGia": null
},
{
  "_id": {
    "$oid": "660e4732e8fc9e8cfb1c3473"
  },
  "Ban": 61,
  "STT": 0,
  "ngayMuon": null,
  "ngayTra": null,
  "phi": 2000,
  "idDocGia": null
},
{
  "_id": {
    "$oid": "660e4732e8fc9e8cfb1c3475"
  },
  "Ban": 62,
  "STT": 0,
  "ngayMuon": null,
  "ngayTra": null,
  "phi": 2000,
  "idDocGia": null
},
{
  "_id": {
    "$oid": "660e4732e8fc9e8cfb1c3477"
  },
  "Ban": 63,
  "STT": 0,
  "ngayMuon": null,
  "ngayTra": null,
  "phi": 2000,
  "idDocGia": null
},
{
  "_id": {
    "$oid": "660e4732e8fc9e8cfb1c3479"
  },
  "Ban": 64,
  "STT": 0,
  "ngayMuon": null,
  "ngayTra": null,
  "phi": 2000,
  "idDocGia": null
},
{
  "_id": {
    "$oid": "660e4732e8fc9e8cfb1c347b"
  },
  "Ban": 65,
  "STT": 0,
  "ngayMuon": null,
  "ngayTra": null,
  "phi": 2000,
  "idDocGia": null
},
{
  "_id": {
    "$oid": "660e4732e8fc9e8cfb1c347d"
  },
  "Ban": 66,
  "STT": 0,
  "ngayMuon": null,
  "ngayTra": null,
  "phi": 2000,
  "idDocGia": null
},
{
  "_id": {
    "$oid": "660e4732e8fc9e8cfb1c347f"
  },
  "Ban": 67,
  "STT": 0,
  "ngayMuon": null,
  "ngayTra": null,
  "phi": 2000,
  "idDocGia": null
},
{
  "_id": {
    "$oid": "660e4732e8fc9e8cfb1c3481"
  },
  "Ban": 68,
  "STT": 0,
  "ngayMuon": null,
  "ngayTra": null,
  "phi": 2000,
  "idDocGia": null
},
{
  "_id": {
    "$oid": "660e4732e8fc9e8cfb1c3483"
  },
  "Ban": 69,
  "STT": 0,
  "ngayMuon": null,
  "ngayTra": null,
  "phi": 2000,
  "idDocGia": null
},
{
  "_id": {
    "$oid": "660e4732e8fc9e8cfb1c3485"
  },
  "Ban": 70,
  "STT": 0,
  "ngayMuon": null,
  "ngayTra": null,
  "phi": 2000,
  "idDocGia": null
},
{
  "_id": {
    "$oid": "660e4732e8fc9e8cfb1c3487"
  },
  "Ban": 71,
  "STT": 0,
  "ngayMuon": null,
  "ngayTra": null,
  "phi": 2000,
  "idDocGia": null
},
{
  "_id": {
    "$oid": "660e4732e8fc9e8cfb1c3489"
  },
  "Ban": 72,
  "STT": 0,
  "ngayMuon": null,
  "ngayTra": null,
  "phi": 2000,
  "idDocGia": null
},
{
  "_id": {
    "$oid": "660e4732e8fc9e8cfb1c348b"
  },
  "Ban": 73,
  "STT": 0,
  "ngayMuon": null,
  "ngayTra": null,
  "phi": 2000,
  "idDocGia": null
},
{
  "_id": {
    "$oid": "660e4732e8fc9e8cfb1c348d"
  },
  "Ban": 74,
  "STT": 0,
  "ngayMuon": null,
  "ngayTra": null,
  "phi": 2000,
  "idDocGia": null
},
{
  "_id": {
    "$oid": "661beaa40bd84c4b33e69277"
  },
  "Ban": 75,
  "STT": 1,
  "ngayMuon": "4/20/2024",
  "ngayTra": "4/27/2024",
  "phi": 2000,
  "idDocGia": 8
},
{
  "_id": {
    "$oid": "661beaa40bd84c4b33e69279"
  },
  "Ban": 76,
  "STT": 0,
  "ngayMuon": null,
  "ngayTra": null,
  "phi": 2000,
  "idDocGia": null
},
{
  "_id": {
    "$oid": "661beaa40bd84c4b33e6927b"
  },
  "Ban": 77,
  "STT": 0,
  "ngayMuon": null,
  "ngayTra": null,
  "phi": 2000,
  "idDocGia": null
},
{
  "_id": {
    "$oid": "661beaa40bd84c4b33e6927d"
  },
  "Ban": 78,
  "STT": 0,
  "ngayMuon": null,
  "ngayTra": null,
  "phi": 2000,
  "idDocGia": null
},
{
  "_id": {
    "$oid": "661beaa40bd84c4b33e6927f"
  },
  "Ban": 79,
  "STT": 0,
  "ngayMuon": null,
  "ngayTra": null,
  "phi": 2000,
  "idDocGia": null
},
{
  "_id": {
    "$oid": "661beab90bd84c4b33e69281"
  },
  "Ban": 80,
  "STT": 0,
  "ngayMuon": null,
  "ngayTra": null,
  "phi": 2000,
  "idDocGia": null
},
{
  "_id": {
    "$oid": "661beab90bd84c4b33e69283"
  },
  "Ban": 81,
  "STT": 0,
  "ngayMuon": null,
  "ngayTra": null,
  "phi": 2000,
  "idDocGia": null
},
{
  "_id": {
    "$oid": "661beab90bd84c4b33e69285"
  },
  "Ban": 82,
  "STT": 0,
  "ngayMuon": null,
  "ngayTra": null,
  "phi": 2000,
  "idDocGia": null
},
{
  "_id": {
    "$oid": "661beab90bd84c4b33e69287"
  },
  "Ban": 83,
  "STT": 0,
  "ngayMuon": null,
  "ngayTra": null,
  "phi": 2000,
  "idDocGia": null
},
{
  "_id": {
    "$oid": "661beab90bd84c4b33e69289"
  },
  "Ban": 84,
  "STT": 0,
  "ngayMuon": null,
  "ngayTra": null,
  "phi": 2000,
  "idDocGia": null
},
{
  "_id": {
    "$oid": "661beab90bd84c4b33e6928b"
  },
  "Ban": 85,
  "STT": 0,
  "ngayMuon": null,
  "ngayTra": null,
  "phi": 2000,
  "idDocGia": null
},
{
  "_id": {
    "$oid": "661beab90bd84c4b33e6928d"
  },
  "Ban": 86,
  "STT": 0,
  "ngayMuon": null,
  "ngayTra": null,
  "phi": 2000,
  "idDocGia": null
},
{
  "_id": {
    "$oid": "661beab90bd84c4b33e6928f"
  },
  "Ban": 87,
  "STT": 0,
  "ngayMuon": null,
  "ngayTra": null,
  "phi": 2000,
  "idDocGia": null
},
{
  "_id": {
    "$oid": "661beab90bd84c4b33e69291"
  },
  "Ban": 88,
  "STT": 0,
  "ngayMuon": null,
  "ngayTra": null,
  "phi": 2000,
  "idDocGia": null
},
{
  "_id": {
    "$oid": "661beab90bd84c4b33e69293"
  },
  "Ban": 89,
  "STT": 0,
  "ngayMuon": null,
  "ngayTra": null,
  "phi": 2000,
  "idDocGia": null
},
{
  "_id": {
    "$oid": "661beab90bd84c4b33e69295"
  },
  "Ban": 90,
  "STT": 0,
  "ngayMuon": null,
  "ngayTra": null,
  "phi": 2000,
  "idDocGia": null
},
{
  "_id": {
    "$oid": "661beab90bd84c4b33e69297"
  },
  "Ban": 91,
  "STT": 0,
  "ngayMuon": null,
  "ngayTra": null,
  "phi": 2000,
  "idDocGia": null
},
{
  "_id": {
    "$oid": "661beab90bd84c4b33e69299"
  },
  "Ban": 92,
  "STT": 0,
  "ngayMuon": null,
  "ngayTra": null,
  "phi": 2000,
  "idDocGia": null
},
{
  "_id": {
    "$oid": "661beab90bd84c4b33e6929b"
  },
  "Ban": 93,
  "STT": 0,
  "ngayMuon": null,
  "ngayTra": null,
  "phi": 2000,
  "idDocGia": null
},
{
  "_id": {
    "$oid": "661beab90bd84c4b33e6929d"
  },
  "Ban": 94,
  "STT": 0,
  "ngayMuon": null,
  "ngayTra": null,
  "phi": 2000,
  "idDocGia": null
},
{
  "_id": {
    "$oid": "661beab90bd84c4b33e6929f"
  },
  "Ban": 95,
  "STT": 0,
  "ngayMuon": null,
  "ngayTra": null,
  "phi": 2000,
  "idDocGia": null
},
{
  "_id": {
    "$oid": "661beab90bd84c4b33e692a1"
  },
  "Ban": 96,
  "STT": 0,
  "ngayMuon": null,
  "ngayTra": null,
  "phi": 2000,
  "idDocGia": null
},
{
  "_id": {
    "$oid": "661beac10bd84c4b33e692a3"
  },
  "Ban": 97,
  "STT": 0,
  "ngayMuon": null,
  "ngayTra": null,
  "phi": 2000,
  "idDocGia": null
},
{
  "_id": {
    "$oid": "661beac10bd84c4b33e692a5"
  },
  "Ban": 98,
  "STT": 0,
  "ngayMuon": null,
  "ngayTra": null,
  "phi": 2000,
  "idDocGia": null
},
{
  "_id": {
    "$oid": "661beac10bd84c4b33e692a7"
  },
  "Ban": 99,
  "STT": 0,
  "ngayMuon": null,
  "ngayTra": null,
  "phi": 2000,
  "idDocGia": null
},
{
  "_id": {
    "$oid": "661beac10bd84c4b33e692a9"
  },
  "Ban": 100,
  "STT": 0,
  "ngayMuon": null,
  "ngayTra": null,
  "phi": 2000,
  "idDocGia": null
},
{
  "_id": {
    "$oid": "661beac10bd84c4b33e692ab"
  },
  "Ban": 101,
  "STT": 0,
  "ngayMuon": null,
  "ngayTra": null,
  "phi": 2000,
  "idDocGia": null
},
{
  "_id": {
    "$oid": "661beac10bd84c4b33e692ad"
  },
  "Ban": 102,
  "STT": 0,
  "ngayMuon": null,
  "ngayTra": null,
  "phi": 2000,
  "idDocGia": null
},
{
  "_id": {
    "$oid": "661beac10bd84c4b33e692af"
  },
  "Ban": 103,
  "STT": 0,
  "ngayMuon": null,
  "ngayTra": null,
  "phi": 2000,
  "idDocGia": null
},
{
  "_id": {
    "$oid": "661beac20bd84c4b33e692b1"
  },
  "Ban": 104,
  "STT": 0,
  "ngayMuon": null,
  "ngayTra": null,
  "phi": 2000,
  "idDocGia": null
},
{
  "_id": {
    "$oid": "661beac20bd84c4b33e692b3"
  },
  "Ban": 105,
  "STT": 0,
  "ngayMuon": null,
  "ngayTra": null,
  "phi": 2000,
  "idDocGia": null
},
{
  "_id": {
    "$oid": "661beac20bd84c4b33e692b5"
  },
  "Ban": 106,
  "STT": 0,
  "ngayMuon": null,
  "ngayTra": null,
  "phi": 2000,
  "idDocGia": null
},
{
  "_id": {
    "$oid": "661beac20bd84c4b33e692b7"
  },
  "Ban": 107,
  "STT": 0,
  "ngayMuon": null,
  "ngayTra": null,
  "phi": 2000,
  "idDocGia": null
},
{
  "_id": {
    "$oid": "661beac20bd84c4b33e692b9"
  },
  "Ban": 108,
  "STT": 0,
  "ngayMuon": null,
  "ngayTra": null,
  "phi": 2000,
  "idDocGia": null
},
{
  "_id": {
    "$oid": "661beac20bd84c4b33e692bb"
  },
  "Ban": 109,
  "STT": 0,
  "ngayMuon": null,
  "ngayTra": null,
  "phi": 2000,
  "idDocGia": null
},
{
  "_id": {
    "$oid": "661beac20bd84c4b33e692bd"
  },
  "Ban": 110,
  "STT": 0,
  "ngayMuon": null,
  "ngayTra": null,
  "phi": 2000,
  "idDocGia": null
},
{
  "_id": {
    "$oid": "661beac20bd84c4b33e692bf"
  },
  "Ban": 111,
  "STT": 0,
  "ngayMuon": null,
  "ngayTra": null,
  "phi": 2000,
  "idDocGia": null
},
{
  "_id": {
    "$oid": "661beac20bd84c4b33e692c1"
  },
  "Ban": 112,
  "STT": 0,
  "ngayMuon": null,
  "ngayTra": null,
  "phi": 2000,
  "idDocGia": null
},
{
  "_id": {
    "$oid": "661beac20bd84c4b33e692c3"
  },
  "Ban": 113,
  "STT": 0,
  "ngayMuon": null,
  "ngayTra": null,
  "phi": 2000,
  "idDocGia": null
},
{
  "_id": {
    "$oid": "661beac20bd84c4b33e692c5"
  },
  "Ban": 114,
  "STT": 0,
  "ngayMuon": null,
  "ngayTra": null,
  "phi": 2000,
  "idDocGia": null
},
{
  "_id": {
    "$oid": "661beac20bd84c4b33e692c7"
  },
  "Ban": 115,
  "STT": 0,
  "ngayMuon": null,
  "ngayTra": null,
  "phi": 2000,
  "idDocGia": null
},
{
  "_id": {
    "$oid": "661beac20bd84c4b33e692c9"
  },
  "Ban": 116,
  "STT": 0,
  "ngayMuon": null,
  "ngayTra": null,
  "phi": 2000,
  "idDocGia": null
},
{
  "_id": {
    "$oid": "661beacc0bd84c4b33e692cb"
  },
  "Ban": 117,
  "STT": 0,
  "ngayMuon": null,
  "ngayTra": null,
  "phi": 2000,
  "idDocGia": null
},
{
  "_id": {
    "$oid": "661beacc0bd84c4b33e692cd"
  },
  "Ban": 118,
  "STT": 0,
  "ngayMuon": null,
  "ngayTra": null,
  "phi": 2000,
  "idDocGia": null
},
{
  "_id": {
    "$oid": "661beacc0bd84c4b33e692cf"
  },
  "Ban": 119,
  "STT": 0,
  "ngayMuon": null,
  "ngayTra": null,
  "phi": 2000,
  "idDocGia": null
},
{
  "_id": {
    "$oid": "661beacc0bd84c4b33e692d1"
  },
  "Ban": 120,
  "STT": 0,
  "ngayMuon": null,
  "ngayTra": null,
  "phi": 2000,
  "idDocGia": null
},
{
  "_id": {
    "$oid": "661beacc0bd84c4b33e692d3"
  },
  "Ban": 121,
  "STT": 0,
  "ngayMuon": null,
  "ngayTra": null,
  "phi": 2000,
  "idDocGia": null
},
{
  "_id": {
    "$oid": "661beacc0bd84c4b33e692d5"
  },
  "Ban": 122,
  "STT": 0,
  "ngayMuon": null,
  "ngayTra": null,
  "phi": 2000,
  "idDocGia": null
},
{
  "_id": {
    "$oid": "661beacc0bd84c4b33e692d7"
  },
  "Ban": 123,
  "STT": 0,
  "ngayMuon": null,
  "ngayTra": null,
  "phi": 2000,
  "idDocGia": null
},
{
  "_id": {
    "$oid": "661beacc0bd84c4b33e692d9"
  },
  "Ban": 124,
  "STT": 0,
  "ngayMuon": null,
  "ngayTra": null,
  "phi": 2000,
  "idDocGia": null
},
{
  "_id": {
    "$oid": "661beacc0bd84c4b33e692db"
  },
  "Ban": 125,
  "STT": 0,
  "ngayMuon": null,
  "ngayTra": null,
  "phi": 2000,
  "idDocGia": null
},
{
  "_id": {
    "$oid": "661beacc0bd84c4b33e692dd"
  },
  "Ban": 126,
  "STT": 0,
  "ngayMuon": null,
  "ngayTra": null,
  "phi": 2000,
  "idDocGia": null
},
{
  "_id": {
    "$oid": "661beacc0bd84c4b33e692df"
  },
  "Ban": 127,
  "STT": 0,
  "ngayMuon": null,
  "ngayTra": null,
  "phi": 2000,
  "idDocGia": null
},
{
  "_id": {
    "$oid": "661beacc0bd84c4b33e692e1"
  },
  "Ban": 128,
  "STT": 0,
  "ngayMuon": null,
  "ngayTra": null,
  "phi": 2000,
  "idDocGia": null
},
{
  "_id": {
    "$oid": "661beacc0bd84c4b33e692e3"
  },
  "Ban": 129,
  "STT": 0,
  "ngayMuon": null,
  "ngayTra": null,
  "phi": 2000,
  "idDocGia": null
},
{
  "_id": {
    "$oid": "661beacc0bd84c4b33e692e5"
  },
  "Ban": 130,
  "STT": 0,
  "ngayMuon": null,
  "ngayTra": null,
  "phi": 2000,
  "idDocGia": null
},
{
  "_id": {
    "$oid": "661beacc0bd84c4b33e692e7"
  },
  "Ban": 131,
  "STT": 0,
  "ngayMuon": null,
  "ngayTra": null,
  "phi": 2000,
  "idDocGia": null
},
{
  "_id": {
    "$oid": "661beacc0bd84c4b33e692e9"
  },
  "Ban": 132,
  "STT": 0,
  "ngayMuon": null,
  "ngayTra": null,
  "phi": 2000,
  "idDocGia": null
},
{
  "_id": {
    "$oid": "661beacc0bd84c4b33e692eb"
  },
  "Ban": 133,
  "STT": 0,
  "ngayMuon": null,
  "ngayTra": null,
  "phi": 2000,
  "idDocGia": null
},
{
  "_id": {
    "$oid": "661beacc0bd84c4b33e692ed"
  },
  "Ban": 134,
  "STT": 0,
  "ngayMuon": null,
  "ngayTra": null,
  "phi": 2000,
  "idDocGia": null
},
{
  "_id": {
    "$oid": "661beacc0bd84c4b33e692ef"
  },
  "Ban": 135,
  "STT": 0,
  "ngayMuon": null,
  "ngayTra": null,
  "phi": 2000,
  "idDocGia": null
},
{
  "_id": {
    "$oid": "661beacc0bd84c4b33e692f1"
  },
  "Ban": 136,
  "STT": 0,
  "ngayMuon": null,
  "ngayTra": null,
  "phi": 2000,
  "idDocGia": null
},
{
  "_id": {
    "$oid": "661beacc0bd84c4b33e692f3"
  },
  "Ban": 137,
  "STT": 0,
  "ngayMuon": null,
  "ngayTra": null,
  "phi": 2000,
  "idDocGia": null
},
{
  "_id": {
    "$oid": "661bead70bd84c4b33e692f5"
  },
  "Ban": 138,
  "STT": 0,
  "ngayMuon": null,
  "ngayTra": null,
  "phi": 2000,
  "idDocGia": null
},
{
  "_id": {
    "$oid": "661bead70bd84c4b33e692f7"
  },
  "Ban": 139,
  "STT": 0,
  "ngayMuon": null,
  "ngayTra": null,
  "phi": 2000,
  "idDocGia": null
},
{
  "_id": {
    "$oid": "661bead70bd84c4b33e692f9"
  },
  "Ban": 140,
  "STT": 0,
  "ngayMuon": null,
  "ngayTra": null,
  "phi": 2000,
  "idDocGia": null
},
{
  "_id": {
    "$oid": "661bead70bd84c4b33e692fb"
  },
  "Ban": 141,
  "STT": 0,
  "ngayMuon": null,
  "ngayTra": null,
  "phi": 2000,
  "idDocGia": null
},
{
  "_id": {
    "$oid": "661bead70bd84c4b33e692fd"
  },
  "Ban": 142,
  "STT": 0,
  "ngayMuon": null,
  "ngayTra": null,
  "phi": 2000,
  "idDocGia": null
},
{
  "_id": {
    "$oid": "661bead70bd84c4b33e692ff"
  },
  "Ban": 143,
  "STT": 0,
  "ngayMuon": null,
  "ngayTra": null,
  "phi": 2000,
  "idDocGia": null
},
{
  "_id": {
    "$oid": "661bead70bd84c4b33e69301"
  },
  "Ban": 144,
  "STT": 0,
  "ngayMuon": null,
  "ngayTra": null,
  "phi": 2000,
  "idDocGia": null
},
{
  "_id": {
    "$oid": "661bead70bd84c4b33e69303"
  },
  "Ban": 145,
  "STT": 0,
  "ngayMuon": null,
  "ngayTra": null,
  "phi": 2000,
  "idDocGia": null
},
{
  "_id": {
    "$oid": "661bead70bd84c4b33e69305"
  },
  "Ban": 146,
  "STT": 0,
  "ngayMuon": null,
  "ngayTra": null,
  "phi": 2000,
  "idDocGia": null
},
{
  "_id": {
    "$oid": "661bead70bd84c4b33e69307"
  },
  "Ban": 147,
  "STT": 0,
  "ngayMuon": null,
  "ngayTra": null,
  "phi": 2000,
  "idDocGia": null
},
{
  "_id": {
    "$oid": "661bead70bd84c4b33e69309"
  },
  "Ban": 148,
  "STT": 0,
  "ngayMuon": null,
  "ngayTra": null,
  "phi": 2000,
  "idDocGia": null
},
{
  "_id": {
    "$oid": "661bead70bd84c4b33e6930b"
  },
  "Ban": 149,
  "STT": 0,
  "ngayMuon": null,
  "ngayTra": null,
  "phi": 2000,
  "idDocGia": null
},
{
  "_id": {
    "$oid": "661beadd0bd84c4b33e6930d"
  },
  "Ban": 150,
  "STT": 0,
  "ngayMuon": null,
  "ngayTra": null,
  "phi": 2000,
  "idDocGia": null
},
{
  "_id": {
    "$oid": "661beadd0bd84c4b33e6930f"
  },
  "Ban": 151,
  "STT": 0,
  "ngayMuon": null,
  "ngayTra": null,
  "phi": 2000,
  "idDocGia": null
},
{
  "_id": {
    "$oid": "661beadd0bd84c4b33e69311"
  },
  "Ban": 152,
  "STT": 0,
  "ngayMuon": null,
  "ngayTra": null,
  "phi": 2000,
  "idDocGia": null
},
{
  "_id": {
    "$oid": "661beadd0bd84c4b33e69313"
  },
  "Ban": 153,
  "STT": 0,
  "ngayMuon": null,
  "ngayTra": null,
  "phi": 2000,
  "idDocGia": null
},
{
  "_id": {
    "$oid": "661beade0bd84c4b33e69315"
  },
  "Ban": 154,
  "STT": 0,
  "ngayMuon": null,
  "ngayTra": null,
  "phi": 2000,
  "idDocGia": null
},
{
  "_id": {
    "$oid": "661beade0bd84c4b33e69317"
  },
  "Ban": 155,
  "STT": 0,
  "ngayMuon": null,
  "ngayTra": null,
  "phi": 2000,
  "idDocGia": null
},
{
  "_id": {
    "$oid": "661beade0bd84c4b33e69319"
  },
  "Ban": 156,
  "STT": 0,
  "ngayMuon": null,
  "ngayTra": null,
  "phi": 2000,
  "idDocGia": null
},
{
  "_id": {
    "$oid": "661beade0bd84c4b33e6931b"
  },
  "Ban": 157,
  "STT": 0,
  "ngayMuon": null,
  "ngayTra": null,
  "phi": 2000,
  "idDocGia": null
},
{
  "_id": {
    "$oid": "661beade0bd84c4b33e6931d"
  },
  "Ban": 158,
  "STT": 0,
  "ngayMuon": null,
  "ngayTra": null,
  "phi": 2000,
  "idDocGia": null
},
{
  "_id": {
    "$oid": "661beade0bd84c4b33e6931f"
  },
  "Ban": 159,
  "STT": 0,
  "ngayMuon": null,
  "ngayTra": null,
  "phi": 2000,
  "idDocGia": null
},
{
  "_id": {
    "$oid": "661beade0bd84c4b33e69321"
  },
  "Ban": 160,
  "STT": 0,
  "ngayMuon": null,
  "ngayTra": null,
  "phi": 2000,
  "idDocGia": null
},
{
  "_id": {
    "$oid": "661beade0bd84c4b33e69323"
  },
  "Ban": 161,
  "STT": 0,
  "ngayMuon": null,
  "ngayTra": null,
  "phi": 2000,
  "idDocGia": null
},
{
  "_id": {
    "$oid": "661beade0bd84c4b33e69325"
  },
  "Ban": 162,
  "STT": 0,
  "ngayMuon": null,
  "ngayTra": null,
  "phi": 2000,
  "idDocGia": null
},
{
  "_id": {
    "$oid": "661beade0bd84c4b33e69327"
  },
  "Ban": 163,
  "STT": 0,
  "ngayMuon": null,
  "ngayTra": null,
  "phi": 2000,
  "idDocGia": null
},
{
  "_id": {
    "$oid": "661beade0bd84c4b33e69329"
  },
  "Ban": 164,
  "STT": 0,
  "ngayMuon": null,
  "ngayTra": null,
  "phi": 2000,
  "idDocGia": null
},
{
  "_id": {
    "$oid": "661beae10bd84c4b33e6932b"
  },
  "Ban": 165,
  "STT": 0,
  "ngayMuon": null,
  "ngayTra": null,
  "phi": 2000,
  "idDocGia": null
},
{
  "_id": {
    "$oid": "661beae20bd84c4b33e6932d"
  },
  "Ban": 166,
  "STT": 0,
  "ngayMuon": null,
  "ngayTra": null,
  "phi": 2000,
  "idDocGia": null
},
{
  "_id": {
    "$oid": "661beae20bd84c4b33e6932f"
  },
  "Ban": 167,
  "STT": 0,
  "ngayMuon": null,
  "ngayTra": null,
  "phi": 2000,
  "idDocGia": null
},
{
  "_id": {
    "$oid": "661beae20bd84c4b33e69331"
  },
  "Ban": 168,
  "STT": 0,
  "ngayMuon": null,
  "ngayTra": null,
  "phi": 2000,
  "idDocGia": null
},
{
  "_id": {
    "$oid": "661beae20bd84c4b33e69333"
  },
  "Ban": 169,
  "STT": 0,
  "ngayMuon": null,
  "ngayTra": null,
  "phi": 2000,
  "idDocGia": null
},
{
  "_id": {
    "$oid": "661beae20bd84c4b33e69335"
  },
  "Ban": 170,
  "STT": 0,
  "ngayMuon": null,
  "ngayTra": null,
  "phi": 2000,
  "idDocGia": null
},
{
  "_id": {
    "$oid": "661beae20bd84c4b33e69337"
  },
  "Ban": 171,
  "STT": 0,
  "ngayMuon": null,
  "ngayTra": null,
  "phi": 2000,
  "idDocGia": null
},
{
  "_id": {
    "$oid": "661beae20bd84c4b33e69339"
  },
  "Ban": 172,
  "STT": 0,
  "ngayMuon": null,
  "ngayTra": null,
  "phi": 2000,
  "idDocGia": null
},
{
  "_id": {
    "$oid": "661beae20bd84c4b33e6933b"
  },
  "Ban": 173,
  "STT": 0,
  "ngayMuon": null,
  "ngayTra": null,
  "phi": 2000,
  "idDocGia": null
},
{
  "_id": {
    "$oid": "661beae20bd84c4b33e6933d"
  },
  "Ban": 174,
  "STT": 0,
  "ngayMuon": null,
  "ngayTra": null,
  "phi": 2000,
  "idDocGia": null
},
{
  "_id": {
    "$oid": "661beae20bd84c4b33e6933f"
  },
  "Ban": 175,
  "STT": 0,
  "ngayMuon": null,
  "ngayTra": null,
  "phi": 2000,
  "idDocGia": null
},
{
  "_id": {
    "$oid": "661beae20bd84c4b33e69341"
  },
  "Ban": 176,
  "STT": 0,
  "ngayMuon": null,
  "ngayTra": null,
  "phi": 2000,
  "idDocGia": null
},
{
  "_id": {
    "$oid": "661beae20bd84c4b33e69343"
  },
  "Ban": 177,
  "STT": 0,
  "ngayMuon": null,
  "ngayTra": null,
  "phi": 2000,
  "idDocGia": null
},
{
  "_id": {
    "$oid": "661beae20bd84c4b33e69345"
  },
  "Ban": 178,
  "STT": 0,
  "ngayMuon": null,
  "ngayTra": null,
  "phi": 2000,
  "idDocGia": null
},
{
  "_id": {
    "$oid": "661beae20bd84c4b33e69347"
  },
  "Ban": 179,
  "STT": 0,
  "ngayMuon": null,
  "ngayTra": null,
  "phi": 2000,
  "idDocGia": null
},
{
  "_id": {
    "$oid": "661beae60bd84c4b33e69349"
  },
  "Ban": 180,
  "STT": 0,
  "ngayMuon": null,
  "ngayTra": null,
  "phi": 2000,
  "idDocGia": null
},
{
  "_id": {
    "$oid": "661beae60bd84c4b33e6934b"
  },
  "Ban": 181,
  "STT": 0,
  "ngayMuon": null,
  "ngayTra": null,
  "phi": 2000,
  "idDocGia": null
},
{
  "_id": {
    "$oid": "661beae60bd84c4b33e6934d"
  },
  "Ban": 182,
  "STT": 0,
  "ngayMuon": null,
  "ngayTra": null,
  "phi": 2000,
  "idDocGia": null
},
{
  "_id": {
    "$oid": "661beae60bd84c4b33e6934f"
  },
  "Ban": 183,
  "STT": 0,
  "ngayMuon": null,
  "ngayTra": null,
  "phi": 2000,
  "idDocGia": null
},
{
  "_id": {
    "$oid": "661beae60bd84c4b33e69351"
  },
  "Ban": 184,
  "STT": 0,
  "ngayMuon": null,
  "ngayTra": null,
  "phi": 2000,
  "idDocGia": null
},
{
  "_id": {
    "$oid": "661beae60bd84c4b33e69353"
  },
  "Ban": 185,
  "STT": 0,
  "ngayMuon": null,
  "ngayTra": null,
  "phi": 2000,
  "idDocGia": null
},
{
  "_id": {
    "$oid": "661beae60bd84c4b33e69355"
  },
  "Ban": 186,
  "STT": 0,
  "ngayMuon": null,
  "ngayTra": null,
  "phi": 2000,
  "idDocGia": null
},
{
  "_id": {
    "$oid": "661beae60bd84c4b33e69357"
  },
  "Ban": 187,
  "STT": 0,
  "ngayMuon": null,
  "ngayTra": null,
  "phi": 2000,
  "idDocGia": null
},
{
  "_id": {
    "$oid": "661beae60bd84c4b33e69359"
  },
  "Ban": 188,
  "STT": 0,
  "ngayMuon": null,
  "ngayTra": null,
  "phi": 2000,
  "idDocGia": null
},
{
  "_id": {
    "$oid": "661beae60bd84c4b33e6935b"
  },
  "Ban": 189,
  "STT": 0,
  "ngayMuon": null,
  "ngayTra": null,
  "phi": 2000,
  "idDocGia": null
},
{
  "_id": {
    "$oid": "661beae60bd84c4b33e6935d"
  },
  "Ban": 190,
  "STT": 0,
  "ngayMuon": null,
  "ngayTra": null,
  "phi": 2000,
  "idDocGia": null
},
{
  "_id": {
    "$oid": "661beae60bd84c4b33e6935f"
  },
  "Ban": 191,
  "STT": 0,
  "ngayMuon": null,
  "ngayTra": null,
  "phi": 2000,
  "idDocGia": null
},
{
  "_id": {
    "$oid": "661beae60bd84c4b33e69361"
  },
  "Ban": 192,
  "STT": 0,
  "ngayMuon": null,
  "ngayTra": null,
  "phi": 2000,
  "idDocGia": null
},
{
  "_id": {
    "$oid": "661beae60bd84c4b33e69363"
  },
  "Ban": 193,
  "STT": 0,
  "ngayMuon": null,
  "ngayTra": null,
  "phi": 2000,
  "idDocGia": null
},
{
  "_id": {
    "$oid": "661beae60bd84c4b33e69365"
  },
  "Ban": 194,
  "STT": 0,
  "ngayMuon": null,
  "ngayTra": null,
  "phi": 2000,
  "idDocGia": null
},
{
  "_id": {
    "$oid": "661beae80bd84c4b33e69367"
  },
  "Ban": 195,
  "STT": 0,
  "ngayMuon": null,
  "ngayTra": null,
  "phi": 2000,
  "idDocGia": null
},
{
  "_id": {
    "$oid": "661beae90bd84c4b33e69369"
  },
  "Ban": 196,
  "STT": 0,
  "ngayMuon": null,
  "ngayTra": null,
  "phi": 2000,
  "idDocGia": null
},
{
  "_id": {
    "$oid": "661beae90bd84c4b33e6936b"
  },
  "Ban": 197,
  "STT": 0,
  "ngayMuon": null,
  "ngayTra": null,
  "phi": 2000,
  "idDocGia": null
},
{
  "_id": {
    "$oid": "661beae90bd84c4b33e6936d"
  },
  "Ban": 198,
  "STT": 0,
  "ngayMuon": null,
  "ngayTra": null,
  "phi": 2000,
  "idDocGia": null
},
{
  "_id": {
    "$oid": "661beae90bd84c4b33e6936f"
  },
  "Ban": 199,
  "STT": 0,
  "ngayMuon": null,
  "ngayTra": null,
  "phi": 2000,
  "idDocGia": null
},
{
  "_id": {
    "$oid": "661beae90bd84c4b33e69371"
  },
  "Ban": 200,
  "STT": 0,
  "ngayMuon": null,
  "ngayTra": null,
  "phi": 2000,
  "idDocGia": null
},
{
  "_id": {
    "$oid": "661beae90bd84c4b33e69373"
  },
  "Ban": 201,
  "STT": 0,
  "ngayMuon": null,
  "ngayTra": null,
  "phi": 2000,
  "idDocGia": null
},
{
  "_id": {
    "$oid": "661beae90bd84c4b33e69375"
  },
  "Ban": 202,
  "STT": 0,
  "ngayMuon": null,
  "ngayTra": null,
  "phi": 2000,
  "idDocGia": null
},
{
  "_id": {
    "$oid": "661beae90bd84c4b33e69377"
  },
  "Ban": 203,
  "STT": 0,
  "ngayMuon": null,
  "ngayTra": null,
  "phi": 2000,
  "idDocGia": null
},
{
  "_id": {
    "$oid": "661beae90bd84c4b33e69379"
  },
  "Ban": 204,
  "STT": 0,
  "ngayMuon": null,
  "ngayTra": null,
  "phi": 2000,
  "idDocGia": null
},
{
  "_id": {
    "$oid": "661beae90bd84c4b33e6937b"
  },
  "Ban": 205,
  "STT": 0,
  "ngayMuon": null,
  "ngayTra": null,
  "phi": 2000,
  "idDocGia": null
},
{
  "_id": {
    "$oid": "661beae90bd84c4b33e6937d"
  },
  "Ban": 206,
  "STT": 0,
  "ngayMuon": null,
  "ngayTra": null,
  "phi": 2000,
  "idDocGia": null
},
{
  "_id": {
    "$oid": "661beae90bd84c4b33e6937f"
  },
  "Ban": 207,
  "STT": 0,
  "ngayMuon": null,
  "ngayTra": null,
  "phi": 2000,
  "idDocGia": null
},
{
  "_id": {
    "$oid": "661beae90bd84c4b33e69381"
  },
  "Ban": 208,
  "STT": 0,
  "ngayMuon": null,
  "ngayTra": null,
  "phi": 2000,
  "idDocGia": null
},
{
  "_id": {
    "$oid": "661beae90bd84c4b33e69383"
  },
  "Ban": 209,
  "STT": 0,
  "ngayMuon": null,
  "ngayTra": null,
  "phi": 2000,
  "idDocGia": null
},
{
  "_id": {
    "$oid": "661beaeb0bd84c4b33e69385"
  },
  "Ban": 210,
  "STT": 0,
  "ngayMuon": null,
  "ngayTra": null,
  "phi": 2000,
  "idDocGia": null
},
{
  "_id": {
    "$oid": "661beaeb0bd84c4b33e69387"
  },
  "Ban": 211,
  "STT": 0,
  "ngayMuon": null,
  "ngayTra": null,
  "phi": 2000,
  "idDocGia": null
},
{
  "_id": {
    "$oid": "661beaeb0bd84c4b33e69389"
  },
  "Ban": 212,
  "STT": 0,
  "ngayMuon": null,
  "ngayTra": null,
  "phi": 2000,
  "idDocGia": null
},
{
  "_id": {
    "$oid": "661beaeb0bd84c4b33e6938b"
  },
  "Ban": 213,
  "STT": 0,
  "ngayMuon": null,
  "ngayTra": null,
  "phi": 2000,
  "idDocGia": null
},
{
  "_id": {
    "$oid": "661beaeb0bd84c4b33e6938d"
  },
  "Ban": 214,
  "STT": 0,
  "ngayMuon": null,
  "ngayTra": null,
  "phi": 2000,
  "idDocGia": null
},
{
  "_id": {
    "$oid": "661beaeb0bd84c4b33e6938f"
  },
  "Ban": 215,
  "STT": 0,
  "ngayMuon": null,
  "ngayTra": null,
  "phi": 2000,
  "idDocGia": null
},
{
  "_id": {
    "$oid": "661beaeb0bd84c4b33e69391"
  },
  "Ban": 216,
  "STT": 0,
  "ngayMuon": null,
  "ngayTra": null,
  "phi": 2000,
  "idDocGia": null
},
{
  "_id": {
    "$oid": "661beaeb0bd84c4b33e69393"
  },
  "Ban": 217,
  "STT": 0,
  "ngayMuon": null,
  "ngayTra": null,
  "phi": 2000,
  "idDocGia": null
},
{
  "_id": {
    "$oid": "661beaeb0bd84c4b33e69395"
  },
  "Ban": 218,
  "STT": 0,
  "ngayMuon": null,
  "ngayTra": null,
  "phi": 2000,
  "idDocGia": null
},
{
  "_id": {
    "$oid": "661beaeb0bd84c4b33e69397"
  },
  "Ban": 219,
  "STT": 0,
  "ngayMuon": null,
  "ngayTra": null,
  "phi": 2000,
  "idDocGia": null
},
{
  "_id": {
    "$oid": "661beaeb0bd84c4b33e69399"
  },
  "Ban": 220,
  "STT": 0,
  "ngayMuon": null,
  "ngayTra": null,
  "phi": 2000,
  "idDocGia": null
},
{
  "_id": {
    "$oid": "661beaeb0bd84c4b33e6939b"
  },
  "Ban": 221,
  "STT": 0,
  "ngayMuon": null,
  "ngayTra": null,
  "phi": 2000,
  "idDocGia": null
},
{
  "_id": {
    "$oid": "661beaeb0bd84c4b33e6939d"
  },
  "Ban": 222,
  "STT": 0,
  "ngayMuon": null,
  "ngayTra": null,
  "phi": 2000,
  "idDocGia": null
},
{
  "_id": {
    "$oid": "661beaeb0bd84c4b33e6939f"
  },
  "Ban": 223,
  "STT": 0,
  "ngayMuon": null,
  "ngayTra": null,
  "phi": 2000,
  "idDocGia": null
},
{
  "_id": {
    "$oid": "661beaeb0bd84c4b33e693a1"
  },
  "Ban": 224,
  "STT": 0,
  "ngayMuon": null,
  "ngayTra": null,
  "phi": 2000,
  "idDocGia": null
},
{
  "_id": {
    "$oid": "661beaee0bd84c4b33e693a3"
  },
  "Ban": 225,
  "STT": 0,
  "ngayMuon": null,
  "ngayTra": null,
  "phi": 2000,
  "idDocGia": null
},
{
  "_id": {
    "$oid": "661beaee0bd84c4b33e693a5"
  },
  "Ban": 226,
  "STT": 0,
  "ngayMuon": null,
  "ngayTra": null,
  "phi": 2000,
  "idDocGia": null
},
{
  "_id": {
    "$oid": "661beaee0bd84c4b33e693a7"
  },
  "Ban": 227,
  "STT": 0,
  "ngayMuon": null,
  "ngayTra": null,
  "phi": 2000,
  "idDocGia": null
},
{
  "_id": {
    "$oid": "661beaee0bd84c4b33e693a9"
  },
  "Ban": 228,
  "STT": 0,
  "ngayMuon": null,
  "ngayTra": null,
  "phi": 2000,
  "idDocGia": null
},
{
  "_id": {
    "$oid": "661beaee0bd84c4b33e693ab"
  },
  "Ban": 229,
  "STT": 0,
  "ngayMuon": null,
  "ngayTra": null,
  "phi": 2000,
  "idDocGia": null
},
{
  "_id": {
    "$oid": "661beaee0bd84c4b33e693ad"
  },
  "Ban": 230,
  "STT": 0,
  "ngayMuon": null,
  "ngayTra": null,
  "phi": 2000,
  "idDocGia": null
},
{
  "_id": {
    "$oid": "661beaee0bd84c4b33e693af"
  },
  "Ban": 231,
  "STT": 0,
  "ngayMuon": null,
  "ngayTra": null,
  "phi": 2000,
  "idDocGia": null
},
{
  "_id": {
    "$oid": "661beaee0bd84c4b33e693b1"
  },
  "Ban": 232,
  "STT": 0,
  "ngayMuon": null,
  "ngayTra": null,
  "phi": 2000,
  "idDocGia": null
},
{
  "_id": {
    "$oid": "661beaee0bd84c4b33e693b3"
  },
  "Ban": 233,
  "STT": 0,
  "ngayMuon": null,
  "ngayTra": null,
  "phi": 2000,
  "idDocGia": null
},
{
  "_id": {
    "$oid": "661beaee0bd84c4b33e693b5"
  },
  "Ban": 234,
  "STT": 0,
  "ngayMuon": null,
  "ngayTra": null,
  "phi": 2000,
  "idDocGia": null
},
{
  "_id": {
    "$oid": "661beaee0bd84c4b33e693b7"
  },
  "Ban": 235,
  "STT": 0,
  "ngayMuon": null,
  "ngayTra": null,
  "phi": 2000,
  "idDocGia": null
},
{
  "_id": {
    "$oid": "661beaee0bd84c4b33e693b9"
  },
  "Ban": 236,
  "STT": 0,
  "ngayMuon": null,
  "ngayTra": null,
  "phi": 2000,
  "idDocGia": null
},
{
  "_id": {
    "$oid": "661beaee0bd84c4b33e693bb"
  },
  "Ban": 237,
  "STT": 0,
  "ngayMuon": null,
  "ngayTra": null,
  "phi": 2000,
  "idDocGia": null
},
{
  "_id": {
    "$oid": "661beaee0bd84c4b33e693bd"
  },
  "Ban": 238,
  "STT": 0,
  "ngayMuon": null,
  "ngayTra": null,
  "phi": 2000,
  "idDocGia": null
},
{
  "_id": {
    "$oid": "661beaee0bd84c4b33e693bf"
  },
  "Ban": 239,
  "STT": 0,
  "ngayMuon": null,
  "ngayTra": null,
  "phi": 2000,
  "idDocGia": null
},
{
  "_id": {
    "$oid": "661beaf10bd84c4b33e693c1"
  },
  "Ban": 240,
  "STT": 0,
  "ngayMuon": null,
  "ngayTra": null,
  "phi": 2000,
  "idDocGia": null
},
{
  "_id": {
    "$oid": "661beaf10bd84c4b33e693c3"
  },
  "Ban": 241,
  "STT": 0,
  "ngayMuon": null,
  "ngayTra": null,
  "phi": 2000,
  "idDocGia": null
},
{
  "_id": {
    "$oid": "661beaf10bd84c4b33e693c5"
  },
  "Ban": 242,
  "STT": 0,
  "ngayMuon": null,
  "ngayTra": null,
  "phi": 2000,
  "idDocGia": null
},
{
  "_id": {
    "$oid": "661beaf10bd84c4b33e693c7"
  },
  "Ban": 243,
  "STT": 0,
  "ngayMuon": null,
  "ngayTra": null,
  "phi": 2000,
  "idDocGia": null
},
{
  "_id": {
    "$oid": "661beaf10bd84c4b33e693c9"
  },
  "Ban": 244,
  "STT": 0,
  "ngayMuon": null,
  "ngayTra": null,
  "phi": 2000,
  "idDocGia": null
},
{
  "_id": {
    "$oid": "661beaf10bd84c4b33e693cb"
  },
  "Ban": 245,
  "STT": 0,
  "ngayMuon": null,
  "ngayTra": null,
  "phi": 2000,
  "idDocGia": null
},
{
  "_id": {
    "$oid": "661beaf10bd84c4b33e693cd"
  },
  "Ban": 246,
  "STT": 0,
  "ngayMuon": null,
  "ngayTra": null,
  "phi": 2000,
  "idDocGia": null
},
{
  "_id": {
    "$oid": "661beaf10bd84c4b33e693cf"
  },
  "Ban": 247,
  "STT": 0,
  "ngayMuon": null,
  "ngayTra": null,
  "phi": 2000,
  "idDocGia": null
},
{
  "_id": {
    "$oid": "661beaf10bd84c4b33e693d1"
  },
  "Ban": 248,
  "STT": 0,
  "ngayMuon": null,
  "ngayTra": null,
  "phi": 2000,
  "idDocGia": null
},
{
  "_id": {
    "$oid": "661beaf10bd84c4b33e693d3"
  },
  "Ban": 249,
  "STT": 0,
  "ngayMuon": null,
  "ngayTra": null,
  "phi": 2000,
  "idDocGia": null
},
{
  "_id": {
    "$oid": "661beaf10bd84c4b33e693d5"
  },
  "Ban": 250,
  "STT": 0,
  "ngayMuon": null,
  "ngayTra": null,
  "phi": 2000,
  "idDocGia": null
},
{
  "_id": {
    "$oid": "661beaf10bd84c4b33e693d7"
  },
  "Ban": 251,
  "STT": 0,
  "ngayMuon": null,
  "ngayTra": null,
  "phi": 2000,
  "idDocGia": null
},
{
  "_id": {
    "$oid": "661beaf10bd84c4b33e693d9"
  },
  "Ban": 252,
  "STT": 0,
  "ngayMuon": null,
  "ngayTra": null,
  "phi": 2000,
  "idDocGia": null
},
{
  "_id": {
    "$oid": "661beaf10bd84c4b33e693db"
  },
  "Ban": 253,
  "STT": 0,
  "ngayMuon": null,
  "ngayTra": null,
  "phi": 2000,
  "idDocGia": null
},
{
  "_id": {
    "$oid": "661beaf10bd84c4b33e693dd"
  },
  "Ban": 254,
  "STT": 0,
  "ngayMuon": null,
  "ngayTra": null,
  "phi": 2000,
  "idDocGia": null
},
{
  "_id": {
    "$oid": "661beb5796fec361d2b67765"
  },
  "Ban": 255,
  "STT": 0,
  "ngayMuon": null,
  "ngayTra": null,
  "phi": 2000,
  "idDocGia": null
},
{
  "_id": {
    "$oid": "661beb5796fec361d2b67767"
  },
  "Ban": 256,
  "STT": 0,
  "ngayMuon": null,
  "ngayTra": null,
  "phi": 2000,
  "idDocGia": null
},
{
  "_id": {
    "$oid": "661beb5796fec361d2b67769"
  },
  "Ban": 257,
  "STT": 0,
  "ngayMuon": null,
  "ngayTra": null,
  "phi": 2000,
  "idDocGia": null
},
{
  "_id": {
    "$oid": "661beb5796fec361d2b6776b"
  },
  "Ban": 258,
  "STT": 0,
  "ngayMuon": null,
  "ngayTra": null,
  "phi": 2000,
  "idDocGia": null
},
{
  "_id": {
    "$oid": "661beb5796fec361d2b6776d"
  },
  "Ban": 259,
  "STT": 0,
  "ngayMuon": null,
  "ngayTra": null,
  "phi": 2000,
  "idDocGia": null
}]