[{
  "_id": {
    "$oid": "65f900bdb5e2fdea5e565ffd"
  },
  "idNhanVien": 1,
  "hoTen": "Võ Thị Thanh Thảo",
  "gioiTinh": 0,
  "ngaySinh": "1999-07-11",
  "SDT": "0914453588",
  "Email": "vttt@gmail.com",
  "DiaChi": "Số 104, Đường số 4, Khu tái định cư Tân Phú, Phường Tân Phú, Quận Cái Răng, Cần Thơ"
},
{
  "_id": {
    "$oid": "65f900bdb5e2fdea5e565ffe"
  },
  "idNhanVien": 2,
  "hoTen": "Lê Thị Mai",
  "gioiTinh": 0,
  "ngaySinh": "2000-03-17",
  "SDT": "0948157159",
  "Email": "ltm@gmail.com",
  "DiaChi": "Số 1/50/13 Nguyễn Trãi, Phường Thới Bình, Quận Ninh Kiều, Cần Thơ"
},
{
  "_id": {
    "$oid": "65f900bdb5e2fdea5e565fff"
  },
  "idNhanVien": 3,
  "hoTen": "Phạm Mạnh Toàn",
  "gioiTinh": 1,
  "ngaySinh": "2001-10-08",
  "SDT": "0912300247",
  "Email": "pmt@gmail.com",
  "DiaChi": "ấp Trường Trung, Xã Trường Thành, Huyện Thới Lai, Cần Thơ"
},
{
  "_id": {
    "$oid": "65f900bdb5e2fdea5e566000"
  },
  "idNhanVien": 4,
  "hoTen": "Nguyễn Xuân Bình",
  "gioiTinh": 0,
  "ngaySinh": "1998-05-27",
  "SDT": "0915133607",
  "Email": "nxb@gmail.com",
  "DiaChi": "Đường số 25, Khu dân cư lô số 49, Khu đô thị mới Nam s, Phường Hưng Thạnh, Quận Cái Răng, Cần Thơ"
},
{
  "_id": {
    "$oid": "65f900bdb5e2fdea5e566001"
  },
  "idNhanVien": 5,
  "hoTen": "Nguyễn Thị Hồng",
  "gioiTinh": 0,
  "ngaySinh": "2000-01-25",
  "SDT": "0915391312",
  "Email": "vttt@gmail.com",
  "DiaChi": "Số 58C/3 Đường 3/2, KV6, Phường Hưng Lợi, Quận Ninh Kiều, Cần Thơ"
},
{
  "_id": {
    "$oid": "65f900bdb5e2fdea5e566002"
  },
  "idNhanVien": 6,
  "hoTen": "Phạm Vũ Quang Vinh",
  "gioiTinh": 1,
  "ngaySinh": "2001-12-15",
  "SDT": "0913602103",
  "Email": "pvqv123@gmail.com",
  "DiaChi": "151/42 Hoàng Văn Thụ, Phường An Cư, Quận Ninh Kiều, Cần Thơ"
},
{
  "_id": {
    "$oid": "66138bf85e3c660de72ff35f"
  },
  "idNhanVien": 7,
  "hoTen": "Lê Trần Đức Tài",
  "gioiTinh": 1,
  "ngaySinh": "2002-12-28",
  "SDT": "0849317943",
  "Email": "ltdtai@gmail.com",
  "DiaChi": " tp.HCM"
},
{
  "_id": {
    "$oid": "66138c5c5e3c660de72ff361"
  },
  "idNhanVien": 8,
  "hoTen": "Võ Hoàng Tuấn Đạt",
  "gioiTinh": 1,
  "ngaySinh": "2002-7-8",
  "SDT": "0894617943",
  "Email": "vhtdat@gmail.com",
  "DiaChi": " tp.Cà Mau"
},
{
  "_id": {
    "$oid": "66213bfc7aea62f4c4b7da84"
  },
  "idNhanVien": 9,
  "hoTen": "solosikoa",
  "gioiTinh": "1",
  "ngaySinh": "2024-04-18",
  "SDT": "0957377815",
  "Email": "solosikoa123@gmail.com",
  "DiaChi": "ninh kieu ,can tho"
}]