[{
  "_id": {
    "$oid": "65f14354e1ad5a96b247d1d2"
  },
  "idNXB": 0,
  "tenNXB": "Kim Đồng",
  "SDT": "1900571595",
  "Email": "cskh_online@nxbkimdong.com.vn",
  "DiaChi": "248 Cống Quỳnh, P. Phạm Ngũ Lão, Q.1, TP. Hồ Chí Minh"
},
{
  "_id": {
    "$oid": "65f14354e1ad5a96b247d1d3"
  },
  "idNXB": 1,
  "tenNXB": "Trẻ",
  "SDT": "039316289 ",
  "Email": "hopthubandoc@nxbtre.com.vn",
  "DiaChi": "161B Lý Chính Thắng, Phường Võ Thị Sáu, Quận 3 , TP. Hồ Chí Minh"
},
{
  "_id": {
    "$oid": "65f14354e1ad5a96b247d1d4"
  },
  "idNXB": 2,
  "tenNXB": "Tổng hợp tp Hồ CHí Minh",
  "SDT": "02838256804",
  "Email": "nstonghop@gmail.com",
  "DiaChi": "62 Nguyễn Thị Minh Khai, Phường Đa Kao, Quận 1, TP.HCM"
},
{
  "_id": {
    "$oid": "65f14354e1ad5a96b247d1d5"
  },
  "idNXB": 3,
  "tenNXB": "Hội Nhà văn",
  "SDT": "1900571595",
  "Email": "cskh_online@nxbkimdong.com.vn",
  "DiaChi": "248 Cống Quỳnh, P. Phạm Ngũ Lão, Q.1, TP. Hồ Chí Minh"
},
{
  "_id": {
    "$oid": "65f14354e1ad5a96b247d1d6"
  },
  "idNXB": 4,
  "tenNXB": "Chính trị quốc gia Sự thật",
  "SDT": "08049221 ",
  "Email": "suthat@nxbctqg.vn",
  "DiaChi": "6/86 Duy Tân, Cầu Giấy và 24 Quang Trung, Hoàn Kiếm, Hà Nội"
},
{
  "_id": {
    "$oid": "65f14354e1ad5a96b247d1d7"
  },
  "idNXB": 5,
  "tenNXB": "Phụ nữ Việt Nam",
  "SDT": "0941707373",
  "Email": "pnvnonline@phunuvietnam.vn",
  "DiaChi": "248 Cống Quỳnh, P. Phạm Ngũ Lão, Q.1, TP. Hồ Chí Minh"
},
{
  "_id": {
    "$oid": "65f14354e1ad5a96b247d1d8"
  },
  "idNXB": 6,
  "tenNXB": "Lao Động",
  "SDT": "038303032",
  "Email": "toasoan@laodong.com.vn",
  "DiaChi": "Số 06, Phạm Văn Bạch, phường Yên Hoà, quận Cầu Giấy, TP.Hà Nội"
},
{
  "_id": {
    "$oid": "660c0804e2de9a08dca43acb"
  },
  "idNXB": 8,
  "tenNXB": "Nhã Nam",
  "SDT": "02435146876 ",
  "Email": "info12@nhanam.vn",
  "DiaChi": "Số 59, Đỗ Quang, Trung Hoà, Cầu Giấy, Hà Nội."
},
{
  "_id": {
    "$oid": "66214f537aea62f4c4b7da89"
  },
  "idNXB": 9,
  "tenNXB": "RELX Group",
  "SDT": " 212 309 8100",
  "Email": "newyork@relx.com",
  "DiaChi": "230, Park Avenue, New York"
}]