[{
  "_id": {
    "$oid": "660e471ce8fc9e8cfb1c33f8"
  },
  "Ban": 0,
  "idSach": 1
},
{
  "_id": {
    "$oid": "660e471ce8fc9e8cfb1c33fa"
  },
  "Ban": 1,
  "idSach": 1
},
{
  "_id": {
    "$oid": "660e471ce8fc9e8cfb1c33fc"
  },
  "Ban": 2,
  "idSach": 1
},
{
  "_id": {
    "$oid": "660e471ce8fc9e8cfb1c33fe"
  },
  "Ban": 3,
  "idSach": 1
},
{
  "_id": {
    "$oid": "660e471ce8fc9e8cfb1c3400"
  },
  "Ban": 4,
  "idSach": 1
},
{
  "_id": {
    "$oid": "660e471ce8fc9e8cfb1c3402"
  },
  "Ban": 5,
  "idSach": 1
},
{
  "_id": {
    "$oid": "660e471ce8fc9e8cfb1c3404"
  },
  "Ban": 6,
  "idSach": 1
},
{
  "_id": {
    "$oid": "660e471ce8fc9e8cfb1c3406"
  },
  "Ban": 7,
  "idSach": 1
},
{
  "_id": {
    "$oid": "660e471ce8fc9e8cfb1c3408"
  },
  "Ban": 8,
  "idSach": 1
},
{
  "_id": {
    "$oid": "660e471ce8fc9e8cfb1c340a"
  },
  "Ban": 9,
  "idSach": 1
},
{
  "_id": {
    "$oid": "660e471ce8fc9e8cfb1c340c"
  },
  "Ban": 10,
  "idSach": 1
},
{
  "_id": {
    "$oid": "660e471ce8fc9e8cfb1c340e"
  },
  "Ban": 11,
  "idSach": 1
},
{
  "_id": {
    "$oid": "660e471ce8fc9e8cfb1c3410"
  },
  "Ban": 12,
  "idSach": 1
},
{
  "_id": {
    "$oid": "660e471ce8fc9e8cfb1c3412"
  },
  "Ban": 13,
  "idSach": 1
},
{
  "_id": {
    "$oid": "660e471ce8fc9e8cfb1c3414"
  },
  "Ban": 14,
  "idSach": 1
},
{
  "_id": {
    "$oid": "660e4726e8fc9e8cfb1c3416"
  },
  "Ban": 15,
  "idSach": 2
},
{
  "_id": {
    "$oid": "660e4726e8fc9e8cfb1c3418"
  },
  "Ban": 16,
  "idSach": 2
},
{
  "_id": {
    "$oid": "660e4726e8fc9e8cfb1c341a"
  },
  "Ban": 17,
  "idSach": 2
},
{
  "_id": {
    "$oid": "660e4726e8fc9e8cfb1c341c"
  },
  "Ban": 18,
  "idSach": 2
},
{
  "_id": {
    "$oid": "660e4726e8fc9e8cfb1c341e"
  },
  "Ban": 19,
  "idSach": 2
},
{
  "_id": {
    "$oid": "660e4726e8fc9e8cfb1c3420"
  },
  "Ban": 20,
  "idSach": 2
},
{
  "_id": {
    "$oid": "660e4726e8fc9e8cfb1c3422"
  },
  "Ban": 21,
  "idSach": 2
},
{
  "_id": {
    "$oid": "660e4726e8fc9e8cfb1c3424"
  },
  "Ban": 22,
  "idSach": 2
},
{
  "_id": {
    "$oid": "660e4726e8fc9e8cfb1c3426"
  },
  "Ban": 23,
  "idSach": 2
},
{
  "_id": {
    "$oid": "660e4726e8fc9e8cfb1c3428"
  },
  "Ban": 24,
  "idSach": 2
},
{
  "_id": {
    "$oid": "660e4726e8fc9e8cfb1c342a"
  },
  "Ban": 25,
  "idSach": 2
},
{
  "_id": {
    "$oid": "660e4726e8fc9e8cfb1c342c"
  },
  "Ban": 26,
  "idSach": 2
},
{
  "_id": {
    "$oid": "660e4726e8fc9e8cfb1c342e"
  },
  "Ban": 27,
  "idSach": 2
},
{
  "_id": {
    "$oid": "660e4726e8fc9e8cfb1c3430"
  },
  "Ban": 28,
  "idSach": 2
},
{
  "_id": {
    "$oid": "660e4726e8fc9e8cfb1c3432"
  },
  "Ban": 29,
  "idSach": 2
},
{
  "_id": {
    "$oid": "660e4726e8fc9e8cfb1c3434"
  },
  "Ban": 30,
  "idSach": 2
},
{
  "_id": {
    "$oid": "660e4726e8fc9e8cfb1c3436"
  },
  "Ban": 31,
  "idSach": 2
},
{
  "_id": {
    "$oid": "660e4726e8fc9e8cfb1c3438"
  },
  "Ban": 32,
  "idSach": 2
},
{
  "_id": {
    "$oid": "660e4726e8fc9e8cfb1c343a"
  },
  "Ban": 33,
  "idSach": 2
},
{
  "_id": {
    "$oid": "660e4726e8fc9e8cfb1c343c"
  },
  "Ban": 34,
  "idSach": 2
},
{
  "_id": {
    "$oid": "660e472ce8fc9e8cfb1c343e"
  },
  "Ban": 35,
  "idSach": 3
},
{
  "_id": {
    "$oid": "660e472ce8fc9e8cfb1c3440"
  },
  "Ban": 36,
  "idSach": 3
},
{
  "_id": {
    "$oid": "660e472ce8fc9e8cfb1c3442"
  },
  "Ban": 37,
  "idSach": 3
},
{
  "_id": {
    "$oid": "660e472ce8fc9e8cfb1c3444"
  },
  "Ban": 38,
  "idSach": 3
},
{
  "_id": {
    "$oid": "660e472ce8fc9e8cfb1c3446"
  },
  "Ban": 39,
  "idSach": 3
},
{
  "_id": {
    "$oid": "660e472ce8fc9e8cfb1c3448"
  },
  "Ban": 40,
  "idSach": 3
},
{
  "_id": {
    "$oid": "660e472ce8fc9e8cfb1c344a"
  },
  "Ban": 41,
  "idSach": 3
},
{
  "_id": {
    "$oid": "660e472ce8fc9e8cfb1c344c"
  },
  "Ban": 42,
  "idSach": 3
},
{
  "_id": {
    "$oid": "660e472ce8fc9e8cfb1c344e"
  },
  "Ban": 43,
  "idSach": 3
},
{
  "_id": {
    "$oid": "660e472ce8fc9e8cfb1c3450"
  },
  "Ban": 44,
  "idSach": 3
},
{
  "_id": {
    "$oid": "660e472ce8fc9e8cfb1c3452"
  },
  "Ban": 45,
  "idSach": 3
},
{
  "_id": {
    "$oid": "660e472ce8fc9e8cfb1c3454"
  },
  "Ban": 46,
  "idSach": 3
},
{
  "_id": {
    "$oid": "660e472ce8fc9e8cfb1c3456"
  },
  "Ban": 47,
  "idSach": 3
},
{
  "_id": {
    "$oid": "660e472ce8fc9e8cfb1c3458"
  },
  "Ban": 48,
  "idSach": 3
},
{
  "_id": {
    "$oid": "660e472ce8fc9e8cfb1c345a"
  },
  "Ban": 49,
  "idSach": 3
},
{
  "_id": {
    "$oid": "660e472ce8fc9e8cfb1c345c"
  },
  "Ban": 50,
  "idSach": 3
},
{
  "_id": {
    "$oid": "660e472ce8fc9e8cfb1c345e"
  },
  "Ban": 51,
  "idSach": 3
},
{
  "_id": {
    "$oid": "660e472ce8fc9e8cfb1c3460"
  },
  "Ban": 52,
  "idSach": 3
},
{
  "_id": {
    "$oid": "660e472ce8fc9e8cfb1c3462"
  },
  "Ban": 53,
  "idSach": 3
},
{
  "_id": {
    "$oid": "660e472ce8fc9e8cfb1c3464"
  },
  "Ban": 54,
  "idSach": 3
},
{
  "_id": {
    "$oid": "660e472ce8fc9e8cfb1c3466"
  },
  "Ban": 55,
  "idSach": 3
},
{
  "_id": {
    "$oid": "660e472ce8fc9e8cfb1c3468"
  },
  "Ban": 56,
  "idSach": 3
},
{
  "_id": {
    "$oid": "660e472ce8fc9e8cfb1c346a"
  },
  "Ban": 57,
  "idSach": 3
},
{
  "_id": {
    "$oid": "660e472de8fc9e8cfb1c346c"
  },
  "Ban": 58,
  "idSach": 3
},
{
  "_id": {
    "$oid": "660e472de8fc9e8cfb1c346e"
  },
  "Ban": 59,
  "idSach": 3
},
{
  "_id": {
    "$oid": "660e4732e8fc9e8cfb1c3470"
  },
  "Ban": 60,
  "idSach": 4
},
{
  "_id": {
    "$oid": "660e4732e8fc9e8cfb1c3472"
  },
  "Ban": 61,
  "idSach": 4
},
{
  "_id": {
    "$oid": "660e4732e8fc9e8cfb1c3474"
  },
  "Ban": 62,
  "idSach": 4
},
{
  "_id": {
    "$oid": "660e4732e8fc9e8cfb1c3476"
  },
  "Ban": 63,
  "idSach": 4
},
{
  "_id": {
    "$oid": "660e4732e8fc9e8cfb1c3478"
  },
  "Ban": 64,
  "idSach": 4
},
{
  "_id": {
    "$oid": "660e4732e8fc9e8cfb1c347a"
  },
  "Ban": 65,
  "idSach": 4
},
{
  "_id": {
    "$oid": "660e4732e8fc9e8cfb1c347c"
  },
  "Ban": 66,
  "idSach": 4
},
{
  "_id": {
    "$oid": "660e4732e8fc9e8cfb1c347e"
  },
  "Ban": 67,
  "idSach": 4
},
{
  "_id": {
    "$oid": "660e4732e8fc9e8cfb1c3480"
  },
  "Ban": 68,
  "idSach": 4
},
{
  "_id": {
    "$oid": "660e4732e8fc9e8cfb1c3482"
  },
  "Ban": 69,
  "idSach": 4
},
{
  "_id": {
    "$oid": "660e4732e8fc9e8cfb1c3484"
  },
  "Ban": 70,
  "idSach": 4
},
{
  "_id": {
    "$oid": "660e4732e8fc9e8cfb1c3486"
  },
  "Ban": 71,
  "idSach": 4
},
{
  "_id": {
    "$oid": "660e4732e8fc9e8cfb1c3488"
  },
  "Ban": 72,
  "idSach": 4
},
{
  "_id": {
    "$oid": "660e4732e8fc9e8cfb1c348a"
  },
  "Ban": 73,
  "idSach": 4
},
{
  "_id": {
    "$oid": "660e4732e8fc9e8cfb1c348c"
  },
  "Ban": 74,
  "idSach": 4
},
{
  "_id": {
    "$oid": "661beaa40bd84c4b33e69276"
  },
  "Ban": 75,
  "idSach": 0
},
{
  "_id": {
    "$oid": "661beaa40bd84c4b33e69278"
  },
  "Ban": 76,
  "idSach": 0
},
{
  "_id": {
    "$oid": "661beaa40bd84c4b33e6927a"
  },
  "Ban": 77,
  "idSach": 0
},
{
  "_id": {
    "$oid": "661beaa40bd84c4b33e6927c"
  },
  "Ban": 78,
  "idSach": 0
},
{
  "_id": {
    "$oid": "661beaa40bd84c4b33e6927e"
  },
  "Ban": 79,
  "idSach": 0
},
{
  "_id": {
    "$oid": "661beab90bd84c4b33e69280"
  },
  "Ban": 80,
  "idSach": 5
},
{
  "_id": {
    "$oid": "661beab90bd84c4b33e69282"
  },
  "Ban": 81,
  "idSach": 5
},
{
  "_id": {
    "$oid": "661beab90bd84c4b33e69284"
  },
  "Ban": 82,
  "idSach": 5
},
{
  "_id": {
    "$oid": "661beab90bd84c4b33e69286"
  },
  "Ban": 83,
  "idSach": 5
},
{
  "_id": {
    "$oid": "661beab90bd84c4b33e69288"
  },
  "Ban": 84,
  "idSach": 5
},
{
  "_id": {
    "$oid": "661beab90bd84c4b33e6928a"
  },
  "Ban": 85,
  "idSach": 5
},
{
  "_id": {
    "$oid": "661beab90bd84c4b33e6928c"
  },
  "Ban": 86,
  "idSach": 5
},
{
  "_id": {
    "$oid": "661beab90bd84c4b33e6928e"
  },
  "Ban": 87,
  "idSach": 5
},
{
  "_id": {
    "$oid": "661beab90bd84c4b33e69290"
  },
  "Ban": 88,
  "idSach": 5
},
{
  "_id": {
    "$oid": "661beab90bd84c4b33e69292"
  },
  "Ban": 89,
  "idSach": 5
},
{
  "_id": {
    "$oid": "661beab90bd84c4b33e69294"
  },
  "Ban": 90,
  "idSach": 5
},
{
  "_id": {
    "$oid": "661beab90bd84c4b33e69296"
  },
  "Ban": 91,
  "idSach": 5
},
{
  "_id": {
    "$oid": "661beab90bd84c4b33e69298"
  },
  "Ban": 92,
  "idSach": 5
},
{
  "_id": {
    "$oid": "661beab90bd84c4b33e6929a"
  },
  "Ban": 93,
  "idSach": 5
},
{
  "_id": {
    "$oid": "661beab90bd84c4b33e6929c"
  },
  "Ban": 94,
  "idSach": 5
},
{
  "_id": {
    "$oid": "661beab90bd84c4b33e6929e"
  },
  "Ban": 95,
  "idSach": 5
},
{
  "_id": {
    "$oid": "661beab90bd84c4b33e692a0"
  },
  "Ban": 96,
  "idSach": 5
},
{
  "_id": {
    "$oid": "661beac10bd84c4b33e692a2"
  },
  "Ban": 97,
  "idSach": 6
},
{
  "_id": {
    "$oid": "661beac10bd84c4b33e692a4"
  },
  "Ban": 98,
  "idSach": 6
},
{
  "_id": {
    "$oid": "661beac10bd84c4b33e692a6"
  },
  "Ban": 99,
  "idSach": 6
},
{
  "_id": {
    "$oid": "661beac10bd84c4b33e692a8"
  },
  "Ban": 100,
  "idSach": 6
},
{
  "_id": {
    "$oid": "661beac10bd84c4b33e692aa"
  },
  "Ban": 101,
  "idSach": 6
},
{
  "_id": {
    "$oid": "661beac10bd84c4b33e692ac"
  },
  "Ban": 102,
  "idSach": 6
},
{
  "_id": {
    "$oid": "661beac10bd84c4b33e692ae"
  },
  "Ban": 103,
  "idSach": 6
},
{
  "_id": {
    "$oid": "661beac20bd84c4b33e692b0"
  },
  "Ban": 104,
  "idSach": 6
},
{
  "_id": {
    "$oid": "661beac20bd84c4b33e692b2"
  },
  "Ban": 105,
  "idSach": 6
},
{
  "_id": {
    "$oid": "661beac20bd84c4b33e692b4"
  },
  "Ban": 106,
  "idSach": 6
},
{
  "_id": {
    "$oid": "661beac20bd84c4b33e692b6"
  },
  "Ban": 107,
  "idSach": 6
},
{
  "_id": {
    "$oid": "661beac20bd84c4b33e692b8"
  },
  "Ban": 108,
  "idSach": 6
},
{
  "_id": {
    "$oid": "661beac20bd84c4b33e692ba"
  },
  "Ban": 109,
  "idSach": 6
},
{
  "_id": {
    "$oid": "661beac20bd84c4b33e692bc"
  },
  "Ban": 110,
  "idSach": 6
},
{
  "_id": {
    "$oid": "661beac20bd84c4b33e692be"
  },
  "Ban": 111,
  "idSach": 6
},
{
  "_id": {
    "$oid": "661beac20bd84c4b33e692c0"
  },
  "Ban": 112,
  "idSach": 6
},
{
  "_id": {
    "$oid": "661beac20bd84c4b33e692c2"
  },
  "Ban": 113,
  "idSach": 6
},
{
  "_id": {
    "$oid": "661beac20bd84c4b33e692c4"
  },
  "Ban": 114,
  "idSach": 6
},
{
  "_id": {
    "$oid": "661beac20bd84c4b33e692c6"
  },
  "Ban": 115,
  "idSach": 6
},
{
  "_id": {
    "$oid": "661beac20bd84c4b33e692c8"
  },
  "Ban": 116,
  "idSach": 6
},
{
  "_id": {
    "$oid": "661beacc0bd84c4b33e692ca"
  },
  "Ban": 117,
  "idSach": 7
},
{
  "_id": {
    "$oid": "661beacc0bd84c4b33e692cc"
  },
  "Ban": 118,
  "idSach": 7
},
{
  "_id": {
    "$oid": "661beacc0bd84c4b33e692ce"
  },
  "Ban": 119,
  "idSach": 7
},
{
  "_id": {
    "$oid": "661beacc0bd84c4b33e692d0"
  },
  "Ban": 120,
  "idSach": 7
},
{
  "_id": {
    "$oid": "661beacc0bd84c4b33e692d2"
  },
  "Ban": 121,
  "idSach": 7
},
{
  "_id": {
    "$oid": "661beacc0bd84c4b33e692d4"
  },
  "Ban": 122,
  "idSach": 7
},
{
  "_id": {
    "$oid": "661beacc0bd84c4b33e692d6"
  },
  "Ban": 123,
  "idSach": 7
},
{
  "_id": {
    "$oid": "661beacc0bd84c4b33e692d8"
  },
  "Ban": 124,
  "idSach": 7
},
{
  "_id": {
    "$oid": "661beacc0bd84c4b33e692da"
  },
  "Ban": 125,
  "idSach": 7
},
{
  "_id": {
    "$oid": "661beacc0bd84c4b33e692dc"
  },
  "Ban": 126,
  "idSach": 7
},
{
  "_id": {
    "$oid": "661beacc0bd84c4b33e692de"
  },
  "Ban": 127,
  "idSach": 7
},
{
  "_id": {
    "$oid": "661beacc0bd84c4b33e692e0"
  },
  "Ban": 128,
  "idSach": 7
},
{
  "_id": {
    "$oid": "661beacc0bd84c4b33e692e2"
  },
  "Ban": 129,
  "idSach": 7
},
{
  "_id": {
    "$oid": "661beacc0bd84c4b33e692e4"
  },
  "Ban": 130,
  "idSach": 7
},
{
  "_id": {
    "$oid": "661beacc0bd84c4b33e692e6"
  },
  "Ban": 131,
  "idSach": 7
},
{
  "_id": {
    "$oid": "661beacc0bd84c4b33e692e8"
  },
  "Ban": 132,
  "idSach": 7
},
{
  "_id": {
    "$oid": "661beacc0bd84c4b33e692ea"
  },
  "Ban": 133,
  "idSach": 7
},
{
  "_id": {
    "$oid": "661beacc0bd84c4b33e692ec"
  },
  "Ban": 134,
  "idSach": 7
},
{
  "_id": {
    "$oid": "661beacc0bd84c4b33e692ee"
  },
  "Ban": 135,
  "idSach": 7
},
{
  "_id": {
    "$oid": "661beacc0bd84c4b33e692f0"
  },
  "Ban": 136,
  "idSach": 7
},
{
  "_id": {
    "$oid": "661beacc0bd84c4b33e692f2"
  },
  "Ban": 137,
  "idSach": 7
},
{
  "_id": {
    "$oid": "661bead70bd84c4b33e692f4"
  },
  "Ban": 138,
  "idSach": 9
},
{
  "_id": {
    "$oid": "661bead70bd84c4b33e692f6"
  },
  "Ban": 139,
  "idSach": 9
},
{
  "_id": {
    "$oid": "661bead70bd84c4b33e692f8"
  },
  "Ban": 140,
  "idSach": 9
},
{
  "_id": {
    "$oid": "661bead70bd84c4b33e692fa"
  },
  "Ban": 141,
  "idSach": 9
},
{
  "_id": {
    "$oid": "661bead70bd84c4b33e692fc"
  },
  "Ban": 142,
  "idSach": 9
},
{
  "_id": {
    "$oid": "661bead70bd84c4b33e692fe"
  },
  "Ban": 143,
  "idSach": 9
},
{
  "_id": {
    "$oid": "661bead70bd84c4b33e69300"
  },
  "Ban": 144,
  "idSach": 9
},
{
  "_id": {
    "$oid": "661bead70bd84c4b33e69302"
  },
  "Ban": 145,
  "idSach": 9
},
{
  "_id": {
    "$oid": "661bead70bd84c4b33e69304"
  },
  "Ban": 146,
  "idSach": 9
},
{
  "_id": {
    "$oid": "661bead70bd84c4b33e69306"
  },
  "Ban": 147,
  "idSach": 9
},
{
  "_id": {
    "$oid": "661bead70bd84c4b33e69308"
  },
  "Ban": 148,
  "idSach": 9
},
{
  "_id": {
    "$oid": "661bead70bd84c4b33e6930a"
  },
  "Ban": 149,
  "idSach": 9
},
{
  "_id": {
    "$oid": "661beadd0bd84c4b33e6930c"
  },
  "Ban": 150,
  "idSach": 10
},
{
  "_id": {
    "$oid": "661beadd0bd84c4b33e6930e"
  },
  "Ban": 151,
  "idSach": 10
},
{
  "_id": {
    "$oid": "661beadd0bd84c4b33e69310"
  },
  "Ban": 152,
  "idSach": 10
},
{
  "_id": {
    "$oid": "661beadd0bd84c4b33e69312"
  },
  "Ban": 153,
  "idSach": 10
},
{
  "_id": {
    "$oid": "661beade0bd84c4b33e69314"
  },
  "Ban": 154,
  "idSach": 10
},
{
  "_id": {
    "$oid": "661beade0bd84c4b33e69316"
  },
  "Ban": 155,
  "idSach": 10
},
{
  "_id": {
    "$oid": "661beade0bd84c4b33e69318"
  },
  "Ban": 156,
  "idSach": 10
},
{
  "_id": {
    "$oid": "661beade0bd84c4b33e6931a"
  },
  "Ban": 157,
  "idSach": 10
},
{
  "_id": {
    "$oid": "661beade0bd84c4b33e6931c"
  },
  "Ban": 158,
  "idSach": 10
},
{
  "_id": {
    "$oid": "661beade0bd84c4b33e6931e"
  },
  "Ban": 159,
  "idSach": 10
},
{
  "_id": {
    "$oid": "661beade0bd84c4b33e69320"
  },
  "Ban": 160,
  "idSach": 10
},
{
  "_id": {
    "$oid": "661beade0bd84c4b33e69322"
  },
  "Ban": 161,
  "idSach": 10
},
{
  "_id": {
    "$oid": "661beade0bd84c4b33e69324"
  },
  "Ban": 162,
  "idSach": 10
},
{
  "_id": {
    "$oid": "661beade0bd84c4b33e69326"
  },
  "Ban": 163,
  "idSach": 10
},
{
  "_id": {
    "$oid": "661beade0bd84c4b33e69328"
  },
  "Ban": 164,
  "idSach": 10
},
{
  "_id": {
    "$oid": "661beae10bd84c4b33e6932a"
  },
  "Ban": 165,
  "idSach": 11
},
{
  "_id": {
    "$oid": "661beae20bd84c4b33e6932c"
  },
  "Ban": 166,
  "idSach": 11
},
{
  "_id": {
    "$oid": "661beae20bd84c4b33e6932e"
  },
  "Ban": 167,
  "idSach": 11
},
{
  "_id": {
    "$oid": "661beae20bd84c4b33e69330"
  },
  "Ban": 168,
  "idSach": 11
},
{
  "_id": {
    "$oid": "661beae20bd84c4b33e69332"
  },
  "Ban": 169,
  "idSach": 11
},
{
  "_id": {
    "$oid": "661beae20bd84c4b33e69334"
  },
  "Ban": 170,
  "idSach": 11
},
{
  "_id": {
    "$oid": "661beae20bd84c4b33e69336"
  },
  "Ban": 171,
  "idSach": 11
},
{
  "_id": {
    "$oid": "661beae20bd84c4b33e69338"
  },
  "Ban": 172,
  "idSach": 11
},
{
  "_id": {
    "$oid": "661beae20bd84c4b33e6933a"
  },
  "Ban": 173,
  "idSach": 11
},
{
  "_id": {
    "$oid": "661beae20bd84c4b33e6933c"
  },
  "Ban": 174,
  "idSach": 11
},
{
  "_id": {
    "$oid": "661beae20bd84c4b33e6933e"
  },
  "Ban": 175,
  "idSach": 11
},
{
  "_id": {
    "$oid": "661beae20bd84c4b33e69340"
  },
  "Ban": 176,
  "idSach": 11
},
{
  "_id": {
    "$oid": "661beae20bd84c4b33e69342"
  },
  "Ban": 177,
  "idSach": 11
},
{
  "_id": {
    "$oid": "661beae20bd84c4b33e69344"
  },
  "Ban": 178,
  "idSach": 11
},
{
  "_id": {
    "$oid": "661beae20bd84c4b33e69346"
  },
  "Ban": 179,
  "idSach": 11
},
{
  "_id": {
    "$oid": "661beae60bd84c4b33e69348"
  },
  "Ban": 180,
  "idSach": 12
},
{
  "_id": {
    "$oid": "661beae60bd84c4b33e6934a"
  },
  "Ban": 181,
  "idSach": 12
},
{
  "_id": {
    "$oid": "661beae60bd84c4b33e6934c"
  },
  "Ban": 182,
  "idSach": 12
},
{
  "_id": {
    "$oid": "661beae60bd84c4b33e6934e"
  },
  "Ban": 183,
  "idSach": 12
},
{
  "_id": {
    "$oid": "661beae60bd84c4b33e69350"
  },
  "Ban": 184,
  "idSach": 12
},
{
  "_id": {
    "$oid": "661beae60bd84c4b33e69352"
  },
  "Ban": 185,
  "idSach": 12
},
{
  "_id": {
    "$oid": "661beae60bd84c4b33e69354"
  },
  "Ban": 186,
  "idSach": 12
},
{
  "_id": {
    "$oid": "661beae60bd84c4b33e69356"
  },
  "Ban": 187,
  "idSach": 12
},
{
  "_id": {
    "$oid": "661beae60bd84c4b33e69358"
  },
  "Ban": 188,
  "idSach": 12
},
{
  "_id": {
    "$oid": "661beae60bd84c4b33e6935a"
  },
  "Ban": 189,
  "idSach": 12
},
{
  "_id": {
    "$oid": "661beae60bd84c4b33e6935c"
  },
  "Ban": 190,
  "idSach": 12
},
{
  "_id": {
    "$oid": "661beae60bd84c4b33e6935e"
  },
  "Ban": 191,
  "idSach": 12
},
{
  "_id": {
    "$oid": "661beae60bd84c4b33e69360"
  },
  "Ban": 192,
  "idSach": 12
},
{
  "_id": {
    "$oid": "661beae60bd84c4b33e69362"
  },
  "Ban": 193,
  "idSach": 12
},
{
  "_id": {
    "$oid": "661beae60bd84c4b33e69364"
  },
  "Ban": 194,
  "idSach": 12
},
{
  "_id": {
    "$oid": "661beae80bd84c4b33e69366"
  },
  "Ban": 195,
  "idSach": 13
},
{
  "_id": {
    "$oid": "661beae90bd84c4b33e69368"
  },
  "Ban": 196,
  "idSach": 13
},
{
  "_id": {
    "$oid": "661beae90bd84c4b33e6936a"
  },
  "Ban": 197,
  "idSach": 13
},
{
  "_id": {
    "$oid": "661beae90bd84c4b33e6936c"
  },
  "Ban": 198,
  "idSach": 13
},
{
  "_id": {
    "$oid": "661beae90bd84c4b33e6936e"
  },
  "Ban": 199,
  "idSach": 13
},
{
  "_id": {
    "$oid": "661beae90bd84c4b33e69370"
  },
  "Ban": 200,
  "idSach": 13
},
{
  "_id": {
    "$oid": "661beae90bd84c4b33e69372"
  },
  "Ban": 201,
  "idSach": 13
},
{
  "_id": {
    "$oid": "661beae90bd84c4b33e69374"
  },
  "Ban": 202,
  "idSach": 13
},
{
  "_id": {
    "$oid": "661beae90bd84c4b33e69376"
  },
  "Ban": 203,
  "idSach": 13
},
{
  "_id": {
    "$oid": "661beae90bd84c4b33e69378"
  },
  "Ban": 204,
  "idSach": 13
},
{
  "_id": {
    "$oid": "661beae90bd84c4b33e6937a"
  },
  "Ban": 205,
  "idSach": 13
},
{
  "_id": {
    "$oid": "661beae90bd84c4b33e6937c"
  },
  "Ban": 206,
  "idSach": 13
},
{
  "_id": {
    "$oid": "661beae90bd84c4b33e6937e"
  },
  "Ban": 207,
  "idSach": 13
},
{
  "_id": {
    "$oid": "661beae90bd84c4b33e69380"
  },
  "Ban": 208,
  "idSach": 13
},
{
  "_id": {
    "$oid": "661beae90bd84c4b33e69382"
  },
  "Ban": 209,
  "idSach": 13
},
{
  "_id": {
    "$oid": "661beaeb0bd84c4b33e69384"
  },
  "Ban": 210,
  "idSach": 14
},
{
  "_id": {
    "$oid": "661beaeb0bd84c4b33e69386"
  },
  "Ban": 211,
  "idSach": 14
},
{
  "_id": {
    "$oid": "661beaeb0bd84c4b33e69388"
  },
  "Ban": 212,
  "idSach": 14
},
{
  "_id": {
    "$oid": "661beaeb0bd84c4b33e6938a"
  },
  "Ban": 213,
  "idSach": 14
},
{
  "_id": {
    "$oid": "661beaeb0bd84c4b33e6938c"
  },
  "Ban": 214,
  "idSach": 14
},
{
  "_id": {
    "$oid": "661beaeb0bd84c4b33e6938e"
  },
  "Ban": 215,
  "idSach": 14
},
{
  "_id": {
    "$oid": "661beaeb0bd84c4b33e69390"
  },
  "Ban": 216,
  "idSach": 14
},
{
  "_id": {
    "$oid": "661beaeb0bd84c4b33e69392"
  },
  "Ban": 217,
  "idSach": 14
},
{
  "_id": {
    "$oid": "661beaeb0bd84c4b33e69394"
  },
  "Ban": 218,
  "idSach": 14
},
{
  "_id": {
    "$oid": "661beaeb0bd84c4b33e69396"
  },
  "Ban": 219,
  "idSach": 14
},
{
  "_id": {
    "$oid": "661beaeb0bd84c4b33e69398"
  },
  "Ban": 220,
  "idSach": 14
},
{
  "_id": {
    "$oid": "661beaeb0bd84c4b33e6939a"
  },
  "Ban": 221,
  "idSach": 14
},
{
  "_id": {
    "$oid": "661beaeb0bd84c4b33e6939c"
  },
  "Ban": 222,
  "idSach": 14
},
{
  "_id": {
    "$oid": "661beaeb0bd84c4b33e6939e"
  },
  "Ban": 223,
  "idSach": 14
},
{
  "_id": {
    "$oid": "661beaeb0bd84c4b33e693a0"
  },
  "Ban": 224,
  "idSach": 14
},
{
  "_id": {
    "$oid": "661beaee0bd84c4b33e693a2"
  },
  "Ban": 225,
  "idSach": 15
},
{
  "_id": {
    "$oid": "661beaee0bd84c4b33e693a4"
  },
  "Ban": 226,
  "idSach": 15
},
{
  "_id": {
    "$oid": "661beaee0bd84c4b33e693a6"
  },
  "Ban": 227,
  "idSach": 15
},
{
  "_id": {
    "$oid": "661beaee0bd84c4b33e693a8"
  },
  "Ban": 228,
  "idSach": 15
},
{
  "_id": {
    "$oid": "661beaee0bd84c4b33e693aa"
  },
  "Ban": 229,
  "idSach": 15
},
{
  "_id": {
    "$oid": "661beaee0bd84c4b33e693ac"
  },
  "Ban": 230,
  "idSach": 15
},
{
  "_id": {
    "$oid": "661beaee0bd84c4b33e693ae"
  },
  "Ban": 231,
  "idSach": 15
},
{
  "_id": {
    "$oid": "661beaee0bd84c4b33e693b0"
  },
  "Ban": 232,
  "idSach": 15
},
{
  "_id": {
    "$oid": "661beaee0bd84c4b33e693b2"
  },
  "Ban": 233,
  "idSach": 15
},
{
  "_id": {
    "$oid": "661beaee0bd84c4b33e693b4"
  },
  "Ban": 234,
  "idSach": 15
},
{
  "_id": {
    "$oid": "661beaee0bd84c4b33e693b6"
  },
  "Ban": 235,
  "idSach": 15
},
{
  "_id": {
    "$oid": "661beaee0bd84c4b33e693b8"
  },
  "Ban": 236,
  "idSach": 15
},
{
  "_id": {
    "$oid": "661beaee0bd84c4b33e693ba"
  },
  "Ban": 237,
  "idSach": 15
},
{
  "_id": {
    "$oid": "661beaee0bd84c4b33e693bc"
  },
  "Ban": 238,
  "idSach": 15
},
{
  "_id": {
    "$oid": "661beaee0bd84c4b33e693be"
  },
  "Ban": 239,
  "idSach": 15
},
{
  "_id": {
    "$oid": "661beaf10bd84c4b33e693c0"
  },
  "Ban": 240,
  "idSach": 16
},
{
  "_id": {
    "$oid": "661beaf10bd84c4b33e693c2"
  },
  "Ban": 241,
  "idSach": 16
},
{
  "_id": {
    "$oid": "661beaf10bd84c4b33e693c4"
  },
  "Ban": 242,
  "idSach": 16
},
{
  "_id": {
    "$oid": "661beaf10bd84c4b33e693c6"
  },
  "Ban": 243,
  "idSach": 16
},
{
  "_id": {
    "$oid": "661beaf10bd84c4b33e693c8"
  },
  "Ban": 244,
  "idSach": 16
},
{
  "_id": {
    "$oid": "661beaf10bd84c4b33e693ca"
  },
  "Ban": 245,
  "idSach": 16
},
{
  "_id": {
    "$oid": "661beaf10bd84c4b33e693cc"
  },
  "Ban": 246,
  "idSach": 16
},
{
  "_id": {
    "$oid": "661beaf10bd84c4b33e693ce"
  },
  "Ban": 247,
  "idSach": 16
},
{
  "_id": {
    "$oid": "661beaf10bd84c4b33e693d0"
  },
  "Ban": 248,
  "idSach": 16
},
{
  "_id": {
    "$oid": "661beaf10bd84c4b33e693d2"
  },
  "Ban": 249,
  "idSach": 16
},
{
  "_id": {
    "$oid": "661beaf10bd84c4b33e693d4"
  },
  "Ban": 250,
  "idSach": 16
},
{
  "_id": {
    "$oid": "661beaf10bd84c4b33e693d6"
  },
  "Ban": 251,
  "idSach": 16
},
{
  "_id": {
    "$oid": "661beaf10bd84c4b33e693d8"
  },
  "Ban": 252,
  "idSach": 16
},
{
  "_id": {
    "$oid": "661beaf10bd84c4b33e693da"
  },
  "Ban": 253,
  "idSach": 16
},
{
  "_id": {
    "$oid": "661beaf10bd84c4b33e693dc"
  },
  "Ban": 254,
  "idSach": 16
},
{
  "_id": {
    "$oid": "661beb5796fec361d2b67764"
  },
  "Ban": 255,
  "idSach": 8
},
{
  "_id": {
    "$oid": "661beb5796fec361d2b67766"
  },
  "Ban": 256,
  "idSach": 8
},
{
  "_id": {
    "$oid": "661beb5796fec361d2b67768"
  },
  "Ban": 257,
  "idSach": 8
},
{
  "_id": {
    "$oid": "661beb5796fec361d2b6776a"
  },
  "Ban": 258,
  "idSach": 8
},
{
  "_id": {
    "$oid": "661beb5796fec361d2b6776c"
  },
  "Ban": 259,
  "idSach": 8
}]