[{
  "_id": {
    "$oid": "65eda97cf57605420ba7f23c"
  },
  "tenTheLoai": "Chính trị - pháp luật",
  "idTheLoai": 1
},
{
  "_id": {
    "$oid": "65eda9bcf57605420ba7f23d"
  },
  "tenTheLoai": "Khoa học công nghê",
  "idTheLoai": 2
},
{
  "_id": {
    "$oid": "65eed21b08cdb0a2b8eb1405"
  },
  "tenTheLoai": "Kinh tế",
  "idTheLoai": 3
},
{
  "_id": {
    "$oid": "65eed23608cdb0a2b8eb1406"
  },
  "tenTheLoai": "Văn học nghệ thuật",
  "idTheLoai": 4
},
{
  "_id": {
    "$oid": "65eed24708cdb0a2b8eb1407"
  },
  "tenTheLoai": "Văn hóa xã hội",
  "idTheLoai": 5
},
{
  "_id": {
    "$oid": "65eed25c08cdb0a2b8eb1408"
  },
  "tenTheLoai": "Lịch sử",
  "idTheLoai": 6
},
{
  "_id": {
    "$oid": "65eed26d08cdb0a2b8eb1409"
  },
  "tenTheLoai": "Giáo trình",
  "idTheLoai": 7
},
{
  "_id": {
    "$oid": "65eed55208cdb0a2b8eb1412"
  },
  "idTheLoai": 8,
  "tenTheLoai": "Truyện, tiểu thuyết"
},
{
  "_id": {
    "$oid": "65eed55208cdb0a2b8eb1413"
  },
  "idTheLoai": 9,
  "tenTheLoai": "Tâm lý"
},
{
  "_id": {
    "$oid": "65eed55208cdb0a2b8eb1414"
  },
  "idTheLoai": 10,
  "tenTheLoai": "Tâm linh, tôn giáo"
},
{
  "_id": {
    "$oid": "65eed55208cdb0a2b8eb1415"
  },
  "idTheLoai": 11,
  "tenTheLoai": "Tiểu thuyết"
},
{
  "_id": {
    "$oid": "65eed55208cdb0a2b8eb1416"
  },
  "idTheLoai": 12,
  "tenTheLoai": "Thiếu nhi"
},
{
  "_id": {
    "$oid": "65eed6fa08cdb0a2b8eb1417"
  },
  "idTheLoai": 13,
  "tenTheLoai": "Tâm lý, tình cảm"
},
{
  "_id": {
    "$oid": "65eed6fa08cdb0a2b8eb1418"
  },
  "idTheLoai": 14,
  "tenTheLoai": "Tôn giáo"
},
{
  "_id": {
    "$oid": "65eed6fa08cdb0a2b8eb1419"
  },
  "idTheLoai": 15,
  "tenTheLoai": "Văn học viễn tưởng"
},
{
  "_id": {
    "$oid": "65eed6fa08cdb0a2b8eb141a"
  },
  "idTheLoai": 16,
  "tenTheLoai": "Tiểu sử, tự truyện"
},
{
  "_id": {
    "$oid": "65eed6fa08cdb0a2b8eb141b"
  },
  "idTheLoai": 17,
  "tenTheLoai": "Kinh dị, bí ẩn"
},
{
  "_id": {
    "$oid": "65eed6fa08cdb0a2b8eb141c"
  },
  "idTheLoai": 18,
  "tenTheLoai": "Nấu ăn"
},
{
  "_id": {
    "$oid": "65eed6fa08cdb0a2b8eb141d"
  },
  "idTheLoai": 19,
  "tenTheLoai": "Truyền cảm hứng"
},
{
  "_id": {
    "$oid": "65eed6fa08cdb0a2b8eb141e"
  },
  "idTheLoai": 20,
  "tenTheLoai": "Truyện ngắn"
},
{
  "_id": {
    "$oid": "65eed6fa08cdb0a2b8eb141f"
  },
  "idTheLoai": 21,
  "tenTheLoai": "Bài luận"
},
{
  "_id": {
    "$oid": "65eed6fa08cdb0a2b8eb1420"
  },
  "idTheLoai": 22,
  "tenTheLoai": "Kỹ năng"
},
{
  "_id": {
    "$oid": "65eed6fa08cdb0a2b8eb1421"
  },
  "idTheLoai": 23,
  "tenTheLoai": "Ngoại ngữ"
}]